gesture,gesture_class,index_disdis,index_interdis,index_metdis,index_prodis,little_disdis,little_interdis,little_metdis,little_prodis,middle_disdis,middle_interdis,middle_metdis,middle_prodis,ring_disdis,ring_interdis,ring_metdis,ring_prodis,thumb_disdis,thumb_interdis,thumb_metdis,thumb_prodis
A,1,91.8723118,65.36756161,36.7638576,36.82127091,78.94914608,55.79724264,6.499359431,31.8667328,105.9532343,77.4615879,26.66964542,39.68476441,98.61260306,70.7352584,13.25392582,33.16436645,27.552211,18.19401254,10.9924396,5.892578937
A,1,72.79186553,49.55015504,47.20084454,35.72617776,56.1898984,35.53168479,10.08893617,18.97219459,85.05341853,58.53826534,37.09262506,32.34860858,64.09412225,40.73986816,23.14378009,23.60017936,21.82333318,19.00945772,7.198687537,8.744819235
A,1,99.01012135,74.06538529,20.17675581,40.89952487,81.09312221,56.9150603,23.04123817,31.84255226,113.6711942,86.73193232,21.83501854,48.26882027,103.7573018,77.3271641,22.69407027,40.58685675,32.26671203,20.74090778,11.38917778,5.293001107
A,1,87.19628179,60.55229097,21.84398586,25.21582521,76.48373105,50.19427191,18.98221799,22.76496512,101.4729783,72.45778089,21.91496093,31.41239177,96.94749258,68.44411438,20.57388931,28.90306013,45.62267496,31.06696862,9.769834402,12.62455944
A,1,98.02656551,73.51543608,9.418340661,40.59053085,78.93878347,55.06962811,12.73066051,29.48205011,111.2468748,84.11894178,11.07265381,45.28840097,103.8887756,77.51324934,12.0627432,40.22998833,31.01670209,22.98727891,2.463744773,2.873868899
A,1,89.06593184,66.94610394,17.86689152,37.64779638,71.05289578,49.07422201,14.60269789,27.3946755,104.4072535,79.90289641,17.10882972,44.83788851,88.45136765,64.02115551,15.722115,31.62758689,18.77337515,16.71196063,7.684474851,6.393869366
A,1,95.31521575,69.02253599,16.40922449,30.98119534,70.4954897,44.99489044,10.66037444,19.56136053,109.2057562,80.44129155,15.31960066,36.161094,91.85077528,63.37983075,13.05618811,24.59813662,17.5640249,14.65496626,2.673327904,8.058374157
A,1,100.8790841,77.35290531,19.39217104,45.8130498,85.98393677,62.41068492,19.61508155,37.2610481,114.8658891,89.37345206,20.15306697,52.53688429,113.0101082,86.52430427,20.11934488,49.03483995,26.64082116,21.29868351,11.00060158,7.725204072
A,1,93.62453503,72.12819604,4.747581791,42.64300167,79.38324765,57.2336988,4.321449484,33.20185224,107.6594291,84.02262759,4.560990706,49.18282678,101.5028915,77.26829239,4.421088771,42.92106558,33.77427688,26.09354774,5.260018105,8.063063585
A,1,107.378991,79.90752115,15.76141083,41.13032717,95.49727975,67.85038336,13.14159923,36.85408209,124.2328212,94.06183706,15.21306235,48.69327611,120.2386487,90.49181669,14.19050467,46.47131009,20.92486601,14.80575371,10.02448591,7.076476019
A,1,84.87932454,59.96036032,15.31776623,26.84524926,55.82491128,33.40727609,13.89208463,12.72351583,97.59800767,70.09540068,15.29180305,30.85232228,73.71818059,48.9242674,14.66828902,17.57548756,23.94440283,18.75593589,7.907151481,7.903764929
A,1,98.23550188,74.23043974,7.241041253,39.02532254,67.15524229,43.39185496,15.41959667,18.47403058,112.0747991,85.17161867,10.56821055,42.76666181,95.337782,69.01673831,13.19513323,32.33629003,40.96298253,26.59309066,6.912079139,9.67944154
A,1,72.78589139,49.04333512,14.54767817,20.39683844,52.04497112,30.80016863,14.27434493,13.44454292,83.95007747,57.4408492,15.01831292,22.28218423,64.39449768,40.62740851,14.76586326,12.86608675,20.92845056,23.70657014,10.24301119,14.70982189
A,1,106.0788025,80.21736647,17.71878321,41.74184307,92.34317182,65.79034265,15.1833089,34.6232679,125.3503051,96.6199517,17.79018243,50.64027106,119.1827904,90.62763085,16.6515499,46.03132821,30.49757336,23.67312663,3.854850947,6.349017219
B,2,4.689105212,6.566316368,12.36924777,8.989878427,8.215686594,8.753096091,10.50060808,9.427941913,5.990632258,7.18919893,11.83840694,9.046656077,7.533846017,8.337289544,11.14132914,9.532161864,71.9703081,38.90247861,9.827090758,11.56059761
B,2,4.66885165,3.569326029,6.166645203,2.90829144,15.04482945,15.14641813,13.77821748,15.21714207,4.958722124,3.294845514,9.006484582,3.02594051,29.55494102,26.15411927,11.4847919,21.3459981,2.474416135,1.958937704,8.995709674,4.419748321
B,2,4.800841957,4.839237783,8.23829638,5.945259864,6.938469025,6.568258478,7.22305416,6.577393561,6.367920756,5.902234717,7.510317522,6.050148482,6.081087281,6.201467481,7.141910402,6.484828658,88.04493669,52.85399518,9.114202926,20.53431856
B,2,3.73899378,3.918280211,4.47320632,4.176265186,2.583429436,2.830220085,4.033191677,3.191553012,2.917709514,3.131341605,4.136509569,3.484890386,4.30921623,3.979932552,4.014997519,3.771145424,80.2700969,48.59632032,6.963862839,21.6002886
B,2,9.28782389,8.767451907,5.857224198,7.82530994,6.388572057,6.282514128,5.862995761,6.128640408,8.541859716,8.000178599,5.794165205,7.14487361,8.712752357,8.114872313,5.823884171,7.201095681,76.52373223,46.76476548,7.548285215,18.96433741
B,2,8.232933665,7.558707194,6.368678902,6.930144606,10.95161549,9.983436313,7.323095494,8.932998289,6.336077844,6.376614619,6.973840192,6.510445423,10.31767857,9.515274059,7.177106533,8.46231866,92.73032434,62.86732374,3.796264118,31.66309133
B,2,14.18380848,11.42190252,8.173425696,8.450413678,12.2538783,8.942058916,6.192241787,6.505936846,8.947888061,7.663432263,6.915795126,6.485455041,9.261645953,6.722390969,6.075562692,4.524763114,84.10345802,48.89664205,7.503746174,17.11200073
B,2,7.077240214,6.449559691,5.541893544,5.912010762,10.58755034,8.776393017,6.62548922,7.437986355,8.703629375,7.787916204,6.232892678,6.894005197,6.844058881,6.257895239,6.534026468,5.979931424,91.16169973,57.13410298,6.057021946,25.3316348
B,2,14.37596578,13.13055517,9.11032835,11.55905639,13.95326003,13.00253408,10.1481004,11.96276769,13.02035979,12.30704228,9.696170655,11.29658299,12.86740382,12.24767027,10.00632397,11.36955705,95.97772171,64.33284716,5.176473062,31.51640344
B,2,8.002903364,8.026038806,11.45426878,8.946424703,12.94101428,12.19583578,12.22441677,11.83282438,10.6301364,9.869754291,10.49898043,9.549969451,9.084016202,9.093090114,10.73275283,9.466749677,75.43445159,43.54183024,12.55761531,16.81724121
B,2,6.039387485,6.359852751,7.0922214,6.699291818,3.660322119,4.277015807,5.886842595,4.898114308,6.551505809,6.53478925,6.385523178,6.489036321,4.99777114,5.294470332,6.014299454,5.606950442,80.84471118,46.79017608,10.82649952,18.00790599
B,2,9.964891783,8.182532266,6.681435543,6.626019427,11.81923848,10.38119886,8.055471322,9.17997311,11.53453542,9.708874829,6.531227912,7.700213403,12.17848059,10.56336061,7.010610044,8.698564099,65.9461849,39.9727033,7.873117371,19.38533245
B,2,10.11229202,9.161828437,6.775101329,8.110547639,8.865845989,8.303317934,7.689149098,7.905229689,10.67929359,9.847310298,7.437204218,8.815516207,8.523898466,8.114490202,7.637344011,7.775662281,83.26483397,51.91865958,5.611389693,24.25830729
B,2,8.426799023,7.129089143,5.246541754,5.96674857,8.554920703,7.714751258,6.925831551,7.188114682,9.018100854,7.948127597,5.731317856,6.741597505,7.434009018,6.889062273,6.247779088,6.432864622,79.05813477,49.28619366,7.200167881,20.01739776
C,3,33.97749038,21.64159155,36.02257003,18.75009023,90.50700827,79.10885763,54.05330936,68.86928846,74.89809671,51.40561525,30.21602196,25.94295933,82.89102604,66.03350103,40.47052925,49.62766216,37.39338924,39.36645212,45.86564975,45.45004955
C,3,53.00290049,51.26715194,56.67573166,53.860617,54.08666192,44.84486435,33.2497447,39.61558675,30.8814725,17.02043964,29.72381013,17.67804667,32.24291819,15.32694718,16.61279181,7.68428853,63.25505792,60.43427767,44.63396011,58.44423423
C,3,34.58359706,34.16951877,52.97231439,40.67383447,67.00368772,53.01037769,33.17753465,42.67573806,28.40742157,18.79809372,33.11692746,19.79031572,59.38976009,40.42193627,24.97067889,24.72080871,54.97711785,52.54075205,46.03149926,52.09158171
C,3,52.96135005,49.35558978,61.07949429,52.58110092,60.64162691,46.03304196,31.48812039,38.04820389,54.87858847,32.43778216,38.16931478,26.24325796,54.89122092,31.43182496,24.80476182,17.4687271,60.2350476,56.82319648,46.28811026,52.52083225
C,3,54.34463792,31.44422232,34.02058037,10.74859908,17.66374582,25.32398014,64.06104166,47.10917784,60.59055412,34.20389664,44.45827081,14.43276841,52.17174582,24.31493498,54.13904904,20.9000347,42.46183561,36.34784403,52.73763154,30.69058288
C,3,26.95441562,18.19084772,44.96567057,27.54405762,76.09806051,68.04891005,61.00274516,64.14077645,52.9811376,29.42620025,39.76117363,18.2134584,67.70960654,50.9856838,48.11743345,42.22026976,50.3047719,46.91771621,46.02454984,45.29823389
C,3,46.02206762,32.34476829,47.79727495,30.70328835,73.03400587,61.03301303,37.06572908,50.42248031,65.89112902,45.41677271,30.36665478,24.81904304,63.68840678,48.82177219,27.34403612,34.40734689,52.12590625,51.30714856,51.50745776,52.69984479
C,3,44.24476824,42.02866035,63.98488165,50.12402474,52.74751854,43.50555854,33.48606562,37.32282182,47.71926555,30.38927974,44.78742917,26.68044068,39.31940973,28.29802254,33.16107853,24.61000325,64.66479518,62.38337549,57.79665396,60.51854018
C,3,30.81713631,25.57315115,47.63940028,31.42630441,66.35292242,58.82972424,50.97239895,55.22785013,45.25901727,25.16953305,34.39173305,6.831627429,54.43556091,39.29856023,38.43840645,33.27597659,46.52829269,45.21849593,57.15772109,48.77968876
C,3,58.84013226,49.3882044,49.84179762,45.34244379,65.86127948,50.57594589,32.62009469,40.20420502,61.34185198,43.16406394,25.98893242,24.8138028,62.62220466,39.46866625,16.35337191,17.57793176,47.31975588,46.48936332,36.30718352,43.01794873
C,3,61.61903344,54.51560419,59.48001723,52.67046048,60.83009176,45.81519328,30.44523897,36.40299396,57.63845171,35.98218368,35.5743142,24.84363985,54.69149709,30.22425608,22.06829415,8.718342449,58.3773164,58.12982337,50.32847706,55.91228059
C,3,37.35248174,29.87255997,54.53759311,37.34072043,56.70831661,51.23523416,41.64846808,47.17075929,52.34291031,34.01100269,38.91266535,25.11884725,37.98449269,31.47850274,34.82719442,30.00437392,54.320924,51.55566052,47.76512809,49.55747078
C,3,44.23023216,25.68535954,58.95011774,31.79541339,39.98129142,30.83170035,23.44775719,24.68612486,54.32232554,29.72924571,42.57166255,14.22565082,55.37990805,34.7748549,30.66106084,19.12507188,44.37889554,51.06939686,83.89282267,64.64727115
C,3,72.70324981,54.72497333,50.14720166,41.2770043,70.52929493,55.83604785,40.92716471,46.71054138,81.62217393,55.6520304,26.51857604,21.75916,72.1006896,47.31527745,23.83043493,21.2050676,57.40140743,56.62752072,45.89190615,54.67607564
D,4,30.65038719,25.05527946,9.012359024,18.31638114,100.6956131,77.52428016,10.59976292,51.52299149,90.08152722,71.86534725,10.54885278,46.62005692,127.4454837,101.6460901,10.84940325,63.75162683,82.99633964,64.05171381,11.78819426,32.62402358
D,4,20.74515939,18.09204971,15.84435794,15.69025618,74.95513314,57.33462736,15.61247243,39.03475478,82.58919043,64.92842608,15.0803881,41.26299132,89.05837845,70.02145591,14.84019787,44.29444769,58.86724628,44.51077299,27.19579622,20.50565932
D,4,10.51886379,9.723088532,7.422899554,8.814491956,77.09263582,57.78080436,6.157285396,36.83924728,89.95610696,69.26838976,7.123222325,41.10891184,94.08328283,73.05808257,6.56759011,43.4429297,71.70356089,51.13557257,10.77806527,23.5452274
D,4,12.95270034,14.24106083,14.72578505,15.19212926,71.1711665,50.98471671,7.999101405,29.80130242,90.26942613,67.03558845,11.95232966,35.39598305,85.94791083,63.94586998,9.623128872,33.66369847,54.32429009,40.86532219,19.07466285,18.17871596
D,4,31.5345209,28.09489276,19.14709815,24.21064257,89.54389861,72.85599566,22.89127432,53.96820013,111.0681327,90.67544072,20.98887236,61.6102917,103.4803538,85.28854495,22.06770016,58.72428256,61.14315234,49.33712262,5.013536688,25.87180262
D,4,19.87799887,17.52385194,12.96943058,15.39592315,98.98135167,73.46310288,12.50195379,45.69481572,125.3427819,97.60707116,12.76110648,57.07612803,121.8503539,94.12112662,12.46919755,54.29032045,64.95577944,48.72345691,14.04393093,21.66656597
D,4,21.9164242,22.04252703,18.82878796,21.66201231,76.49702683,55.22394143,17.7380349,33.66869781,66.11935739,47.54279141,18.23549534,26.11774266,94.88905256,71.20024294,17.85995168,39.31415423,38.84552255,26.54499968,20.13640463,19.13114765
D,4,20.82588972,18.39379391,12.85801713,16.00328407,87.59317622,65.66791631,12.49850556,42.46750598,96.2081811,73.26050445,12.10577915,42.60286452,107.3930146,82.72014443,11.98559994,48.53900039,55.07822442,40.98371281,14.35382224,17.37951697
D,4,11.11289742,10.36475528,8.129099138,9.649848325,85.33458417,63.84100247,5.462580822,39.54584824,77.62081862,57.96112615,5.5957698,31.88418812,105.4520876,81.33040863,4.668368863,45.70045378,61.15680371,47.35050979,13.1716557,25.14704753
D,4,16.92413399,16.69972948,15.59135326,16.42625032,82.34353494,63.56785854,13.7496044,43.31552633,96.50576629,75.22778495,12.40721431,45.89634691,90.84355226,71.36888943,11.75889663,44.42547705,80.53083538,58.23508612,15.80039659,26.27150458
D,4,19.4963452,18.18495657,13.27173486,16.40594593,92.51914249,70.49936784,11.56103792,45.94053646,91.32195516,70.40251311,12.16504017,42.2484197,111.8209657,87.63603116,11.44258342,52.20259651,48.97929871,37.95723795,10.48405678,19.0858934
D,4,12.85411557,12.44599223,10.50587474,11.8105837,74.36381893,54.65176124,7.947858696,34.51587925,57.57844405,43.27047825,7.755448633,25.06039051,84.79394788,64.42877227,6.954931754,37.51451027,65.42069033,44.51045287,21.55648154,21.97193756
D,4,4.128156327,4.485852033,8.331648755,5.750101853,75.03601218,52.05372238,11.57367886,26.35657044,106.8846392,80.60840697,10.22044335,41.9179772,99.25220539,74.26031898,11.09202694,37.54064518,64.85317943,40.36931914,7.395716344,15.06728964
D,4,16.03375453,14.68342515,6.727906511,12.08195856,78.97473543,56.81987004,7.50602537,33.40118554,111.080472,85.82701849,7.009316725,49.14990574,101.8358464,77.00003278,7.218818665,42.21721092,52.9626196,37.89478554,2.895875826,25.13850066
E,5,44.94736927,27.02254478,17.91712833,14.23859678,35.73513333,22.14005711,20.18960313,18.26086812,48.86681384,29.20377297,18.6972799,14.2728837,43.34475874,25.17427387,19.55854718,14.46477237,42.13065202,20.0640826,19.25370173,13.52226566
E,5,44.83105326,33.27843153,30.46428313,32.29991277,38.73925591,29.78660932,27.47062323,29.97250313,44.02796222,30.76694266,30.09059267,30.89884178,41.37892874,28.98572036,29.04616491,29.94734813,35.97315259,23.63673846,25.11806748,22.49590234
E,5,54.27844777,32.54762939,8.223909832,9.063071518,46.33864069,22.26952196,13.41170307,11.44155743,64.32614409,40.07322789,9.959111783,13.79401428,62.3637144,37.50055279,11.8224982,13.01936727,66.22484624,34.61185081,11.20832586,12.90519426
E,5,54.49554236,35.64597091,17.28476358,20.58428811,43.06606207,25.32860579,12.86816148,15.15161312,54.90649376,33.12204452,16.25879496,15.6873855,52.49318891,31.14000227,14.99071569,14.29565187,40.58137908,20.90151849,25.56205952,21.19241879
E,5,67.77755016,45.39637516,10.46344266,19.86337581,59.39806687,36.24082549,12.57909473,17.39833066,72.96454101,47.7124584,10.74352544,17.22721468,71.08321788,45.86061432,11.70903039,16.34619816,58.92706018,32.0461379,14.10721449,12.28345507
E,5,60.83158926,38.21885751,28.27865921,24.25577048,54.93690038,36.74514295,29.41485802,29.40379706,61.00443301,38.54623207,28.67167446,25.52928134,60.43645889,38.27548366,29.07067096,26.13814573,46.1543164,23.55417996,28.18479038,24.85898876
E,5,49.86423753,28.74551206,17.01975357,16.23779286,36.41707319,18.5463218,13.74926384,10.50431011,51.39620371,28.72512162,15.16446737,16.79719506,53.13403283,32.64826251,13.97712593,15.0533271,54.44117653,32.97040644,18.56447816,19.14107847
E,5,60.84712391,40.33081379,13.57106947,18.23663917,49.17766552,27.55869501,12.41279753,11.93115486,66.78837475,43.13407528,11.96280271,15.52947999,66.38351529,42.80615339,11.76245988,15.10282456,50.89855171,28.28801089,15.94632027,16.82223746
E,5,58.76980175,48.24113718,14.51539972,34.73278664,48.19764598,42.83633799,25.79301429,36.56142565,63.29060181,53.42064923,19.43393824,39.6807197,58.76887629,51.64089693,22.77638792,40.61027448,56.34585704,36.62699342,16.89232806,19.0375111
E,5,56.89543936,41.65128227,20.17548934,26.93817182,49.61142537,35.76670095,18.67329729,24.95686481,59.01435633,42.65789918,19.74082374,26.1204759,55.11882616,39.90717543,19.23873648,24.98416761,50.26339653,31.63626102,19.98432956,20.76674488
E,5,67.55120436,46.65116337,32.30443827,30.43098109,53.96155202,33.11946096,24.4115375,22.60537646,67.82405574,44.36143127,29.3264803,26.24734591,66.04669356,42.7424101,26.49966925,24.58573696,58.65064945,41.27411011,30.56882239,32.51336953
E,5,53.82085207,38.8351357,31.99927198,33.744933,46.16276076,34.39987245,30.64452195,32.42850513,53.8476094,36.81231034,31.87654587,31.86097654,51.53600049,35.16819739,31.47343123,31.02834167,36.0229951,23.07887611,28.85445558,24.05673163
E,5,57.69657536,34.73273788,17.66812002,16.64128798,47.72789417,24.75348705,15.18383177,15.24797114,61.61940492,35.84477404,16.36316842,16.26677127,61.38374289,35.82245114,15.67101063,15.00958384,52.02497835,31.60621466,23.95092803,21.85271088
E,5,63.48054344,39.08163842,6.978271273,9.703021769,54.85672704,30.56188162,10.3669191,12.92827139,71.0381081,44.05346555,8.556947614,10.28154762,68.29091717,41.2337374,9.72441478,9.520452701,62.44550445,31.16957574,5.723766159,6.419378194
F,6,110.456773,88.01655394,18.63621675,57.30304405,10.85033224,10.54325792,8.330383322,9.87988484,43.44560292,35.95469867,14.204255,26.37300399,13.22477552,12.71517009,9.76321593,11.65272913,73.35203701,51.79819515,16.92508935,31.11322019
F,6,117.269715,95.58229458,24.44247193,66.52706806,6.891201902,7.26915344,8.347961116,7.658033805,44.95147766,35.33914292,20.11900848,25.87186294,16.96062567,15.19845052,14.11697472,14.26374887,75.76510756,56.27963375,17.20973134,34.07707018
F,6,100.0994461,79.09257134,14.26457923,51.14209564,10.64150549,10.94576767,1.938474848,8.937364775,34.7341732,24.68730412,10.12518754,15.16457092,7.055954989,5.341110788,5.255019769,5.11301819,46.28876839,33.12467197,10.31515896,21.63781794
F,6,91.41099297,73.68833986,26.35500601,51.7620348,27.8469564,27.25302174,23.64042081,26.0143595,51.35379547,45.99362468,25.69149839,38.32669307,38.6433181,36.16907898,24.57643103,31.77904851,54.26713506,39.45465785,12.84040789,21.89886815
F,6,114.7706327,94.57857134,26.03828745,63.63628108,26.02783761,19.06488932,11.1106022,13.63970256,68.65669519,53.46746304,22.21135349,36.50229767,50.08622992,39.18353794,15.9934693,26.91725978,79.01122835,55.44289795,19.57509696,33.75838698
F,6,89.31558649,72.29893973,25.6840943,51.00300661,33.22046577,30.219178,22.12353993,27.61305719,56.17612572,46.77475513,24.54183911,36.57400445,42.73013138,35.82378874,23.27319887,29.6774631,53.38491773,34.83534519,12.5303609,20.23716068
F,6,91.94487196,72.76855209,21.10331375,48.63690043,34.42967258,33.35982127,25.13950852,31.11398612,38.79649307,35.13853109,20.95031754,30.62310635,28.05165208,29.21732869,22.46773996,28.24234424,42.54739012,21.834162,16.70424475,10.33986491
F,6,104.9064734,88.05795646,34.57810038,64.82479111,42.20280822,37.42299536,26.80717151,33.05319706,77.44451471,66.3498998,32.21264163,51.67613073,63.30064869,54.29118837,29.57844341,43.13416185,29.45208511,23.14637846,26.61616895,24.36589968
F,6,108.9323239,86.83875561,16.65270673,57.02538909,14.13895369,10.95594439,7.500220663,8.669349498,54.2547705,40.97922121,14.15820125,26.33812466,33.87185883,26.04647728,9.895231481,17.45180059,85.40133022,58.90678159,18.89645658,30.76972953
F,6,80.37464719,61.64080877,7.089488076,37.89561786,18.48628064,19.63750373,11.32977376,18.45558392,30.86548809,23.13185142,5.953231771,16.51521052,21.2393876,18.14367608,7.820714522,15.17725189,36.98061318,33.16296569,15.70866533,18.72854705
F,6,89.31558649,72.29893973,25.6840943,51.00300661,19.6268181,13.54348044,8.316010538,9.710088012,53.67620807,35.95469867,14.57136572,9.229547226,37.98449834,29.21732869,10.76120282,17.35901825,53.38491773,34.83534519,12.5303609,20.23716068
F,6,103.9792185,85.36034585,28.52900789,61.40339495,16.09464842,13.62275646,11.96256396,12.4320631,47.68721361,37.39719897,23.87716616,27.53695584,22.112193,21.29718122,17.3088145,20.07170548,66.58880321,49.56016696,11.44279449,30.34132314
F,6,8.278816884,9.941348198,18.28011622,13.44092132,5.368039646,4.035443556,13.96878818,4.786915057,6.152545571,6.59050423,14.57136572,9.229547226,4.275266426,2.840588089,13.06356296,3.488069093,7.671192406,5.755774665,13.43181683,8.780430627
F,6,109.0583077,93.09106878,30.97381764,67.59953397,26.65053607,22.60643942,14.03437711,18.90005348,60.53550275,50.96364263,26.41246198,39.08765327,45.29039435,38.87109305,20.20216807,30.51735374,58.57214924,40.00997811,10.12479471,24.59048136
G,7,65.91536466,54.01718561,40.10107365,42.04766511,110.1693769,106.372296,58.96554919,97.01486386,91.45705583,77.95422891,43.29716245,62.76633385,102.7486071,97.06894239,50.12517825,86.86345058,21.91988637,21.59859714,72.3194199,42.41942049
G,7,77.35060333,66.49886814,26.9051905,52.33294449,107.3486908,107.0756725,72.65658715,103.8284163,98.09693195,89.49102643,45.75868793,78.00949002,103.9868344,98.69673276,61.17679918,91.59128008,18.35632155,24.57081214,70.98502677,44.18878412
G,7,71.43297828,61.7961414,50.26714,52.84553085,109.4966186,106.2528832,76.08683744,100.6606546,95.55007786,82.16003329,58.29871623,68.73335105,103.0273175,94.74025752,66.82543866,86.29524354,39.51696761,25.99801248,57.8969689,29.94816801
G,7,67.95611514,59.88671124,52.88439913,53.25704501,103.7565967,101.8427994,78.25327401,102.0159445,91.40656041,77.96989248,61.62320598,71.15099602,97.97481353,89.29272005,70.21141157,87.18706794,32.02116249,28.09422382,58.15653337,37.24265798
G,7,84.8399351,71.49431554,41.85194272,56.29029233,90.13137631,74.59830139,30.02921686,57.35334422,104.5522555,86.08901103,32.51258296,61.11579694,87.40047056,73.15542707,26.4065581,52.73587433,30.60581448,16.95928266,11.40599444,11.64184684
G,7,114.9933382,97.94938177,44.59664226,75.0045167,114.0034143,98.15785618,41.81615899,78.17542652,131.6886181,112.0176756,42.09411019,82.0470449,124.4466536,105.9582701,40.47664722,77.77975688,56.05207668,38.46467271,16.74934139,27.77904098
G,7,78.8167034,53.24563202,45.57833217,27.53912569,69.58617002,47.80744947,47.51447449,35.05332232,91.8576805,63.95092208,46.99950988,31.64747423,83.20331274,55.79963649,47.28442865,28.77839171,16.1380318,19.42550405,28.87689388,26.1347825
G,7,127.5637692,103.3368822,31.98718512,71.2419936,140.1040432,123.4344105,61.39714239,102.400046,161.2549688,138.8282925,40.80336814,100.7495076,159.2939272,137.864753,51.38791586,103.6062442,43.89406097,40.88262718,34.16363728,36.21441602
G,7,67.40928022,54.47796512,32.87492068,39.3668051,126.976066,113.7754802,68.8721875,98.31611594,97.05791129,82.71235722,38.61768869,62.67362655,117.0610912,103.8766863,53.18157016,84.66837772,42.97113772,49.08756457,76.73362619,61.06014724
G,7,112.9426161,99.81745678,62.74140849,83.17942902,156.3477693,148.1707099,103.2376747,136.438233,138.6111433,124.4094396,78.25159992,104.5817887,150.4983043,139.0417266,92.02927447,123.0812425,31.74704138,25.68110533,21.89415195,16.81534051
G,7,78.38809927,63.75180218,38.29408863,47.44620077,116.3505593,110.0435379,75.49178784,102.9193996,103.107388,86.84537847,49.81902926,69.17404522,110.0865886,98.69526215,63.19109489,86.97874345,14.43095373,18.20194063,55.97225977,33.64443314
G,7,68.54297941,50.6050054,23.07876537,29.94137814,112.6221946,97.65969105,51.45612776,80.25292336,91.05590286,72.35289714,26.09338591,48.18230809,124.8946666,104.8673035,39.01933751,74.91918043,37.42969143,36.8181317,37.81191962,42.514208
G,7,54.56057329,40.58208744,58.53226198,43.91431852,87.5121076,89.7185291,83.27941504,90.83194065,62.26486565,65.61715602,64.29410262,73.88602664,79.73188887,86.44748657,73.56514226,92.96989166,26.41649395,35.63048238,47.03039553,50.82126968
G,7,126.1169621,118.7139248,51.77717263,101.4306385,148.0494549,132.2903362,67.00967692,112.0654874,145.6833062,137.7788232,61.21962226,118.0717494,163.0487708,145.581562,65.3859205,117.3970964,54.73169105,39.73077466,29.59395603,23.44624476
H,8,15.59229537,14.5218867,35.89410169,20.16151491,99.59958632,83.22006303,24.80643897,60.90090346,53.75553362,39.28602463,21.73448023,20.89873205,117.8865489,95.86017477,18.28702095,58.76225306,66.06465229,42.06834556,47.89102528,40.10428161
H,8,64.85435576,51.52818234,27.76836043,36.06923314,107.9561623,91.60598482,19.6708872,68.89720424,88.43669961,70.59525097,16.32686172,45.77274772,133.5953035,111.8708329,12.51306716,74.35770602,55.35099078,32.21364266,34.38682227,27.89656798
H,8,103.6577128,98.19407423,74.07562367,91.68639433,93.52557685,83.86232804,57.46791504,74.74911108,116.2390424,100.4800608,67.5499268,83.1834978,105.7837846,90.95107675,60.24957389,74.73302087,32.01792896,36.67359914,27.11905131,35.60346764
H,8,70.01294709,59.71597483,28.29723156,45.8590765,67.39849409,55.0014253,18.64646102,39.10315458,77.79490535,64.2488656,16.04262275,43.96476805,82.52294907,65.44261048,9.640071561,37.99747781,48.69723909,45.75868973,55.22943384,46.43044665
H,8,76.12909148,62.31703051,39.94354465,46.75988737,75.54782031,55.49434651,16.53665394,34.20293442,90.30880664,71.02250524,26.01546102,44.5447203,83.0170133,62.54475662,14.32471131,33.76646747,44.59115751,29.51888433,43.24582114,32.27034468
H,8,27.97475523,25.0791522,43.94554849,27.78205211,98.95275626,79.02987623,13.41985239,51.62078526,48.20560699,36.48252247,25.53175428,21.42114882,111.6679935,88.8011218,11.00280519,48.37284788,55.42789204,43.98320755,59.60870342,41.87929192
H,8,34.63311452,23.50060743,35.5242975,14.72191395,82.05070604,65.37264078,28.63218712,48.49070475,62.8455605,47.40237689,28.13110281,26.44975439,111.2669597,88.70906196,26.95345767,54.22882337,65.29963304,48.3842509,46.98451345,35.30816567
H,8,52.50756881,43.57394627,26.17358053,33.89214394,88.77848414,69.43048426,15.19190748,47.08337703,79.31406726,64.97903105,20.51954809,45.33093141,109.6306308,86.00980294,15.49727035,51.33191054,70.79835586,39.30270825,19.77185708,22.33177221
H,8,121.78024,110.6408614,67.69843642,94.99368878,113.0449164,100.3508147,51.04156952,84.47996236,132.0455922,117.6166717,60.74861539,96.05390541,127.0213485,111.8233528,52.94517023,89.12677054,37.2336137,35.20110088,26.92622345,35.42468045
H,8,64.65003705,53.14238858,18.64711832,38.62800792,95.5121653,77.76637992,32.59161345,58.56310512,80.47759825,65.02333162,13.25151285,43.655674,102.3350891,82.89195968,19.42447819,54.87066962,78.18939003,46.35549971,40.6116837,30.19338059
H,8,75.28872448,52.81221845,40.37612137,30.7633849,99.67235708,84.70901806,18.89443554,63.06045994,61.48580411,45.71695206,19.50147811,23.94407299,111.9762658,91.54497906,3.399706871,56.21404363,49.3753843,31.6011235,48.30525518,40.99801269
H,8,72.56188611,57.84674699,12.54614554,38.11459235,125.6356825,114.5732239,62.13992215,100.2415319,103.5079597,87.69945947,27.00048954,64.44543377,132.5402351,116.9567015,46.14639169,92.59862245,66.9399032,36.97641198,62.22779072,37.29349196
H,8,37.49650818,26.08431049,25.39512712,12.8034914,117.5674885,102.2018565,42.8093512,82.25586464,69.31312571,55.57003097,3.214256556,34.95260228,123.9641665,104.0817948,23.66346848,72.70656645,52.66596387,36.04104931,55.99799059,43.78279263
H,8,56.96215949,46.3760527,27.89771437,35.68216356,107.5089815,87.14530824,29.89467752,64.53237768,84.1248323,68.83850502,25.82234053,49.26469126,123.2866326,99.7510646,26.48810562,66.40547445,64.1635458,35.08698391,21.65307861,9.705964598
I,9,70.90303545,52.25771468,11.87618499,28.50629674,33.46267557,26.2262477,10.61790698,19.28612059,95.8381736,73.93492045,10.35029575,42.25448576,97.8678585,75.71306245,10.00964474,43.92255796,66.24870032,40.67585067,19.76049501,22.46458708
I,9,86.64388199,64.27953609,22.81286135,36.94670366,38.35595074,31.96991113,20.52059737,25.93754637,121.0438061,94.90975112,22.55753042,56.49119021,114.3883634,88.34662865,21.83476389,50.7386417,55.4930563,27.36491132,19.97597241,17.32055565
I,9,75.88234837,52.14739528,17.92509002,21.8918176,23.01148312,14.87922217,11.30726811,7.14099644,81.29259643,56.37858399,16.1144402,22.76217343,80.97198306,56.3564247,13.62390174,23.63399229,70.61136685,44.65462984,10.54387397,24.75175319
I,9,120.102179,101.7055652,36.31308763,75.33447083,43.39517287,36.61910528,20.28449753,30.0343743,131.0034638,108.7433776,30.98040028,74.93351515,118.6286853,95.49710928,25.21862077,61.66462826,82.76851312,61.18555569,15.44850199,38.18281944
I,9,96.86477486,73.61725639,17.03819808,42.82017925,39.46611638,30.07120482,11.88832921,20.96663841,112.8487715,86.70875297,14.82907392,49.17971924,111.667793,85.34260441,13.1046411,47.95147825,84.28508183,56.60935119,21.91632449,33.12641179
I,9,105.6815824,84.29688663,29.06989515,56.79714976,43.34571042,38.03574477,24.16826418,32.50052164,113.0728479,89.04526007,27.75947184,56.26474038,105.236925,81.43241656,26.04481344,49.64476167,77.10866959,51.28659602,20.56808819,28.18136023
I,9,108.2219398,87.91325179,33.0407854,61.57916307,29.81635515,27.03496218,17.7037061,23.75233232,113.7023196,90.78945395,28.82376338,59.52343492,104.080562,81.40055103,23.14400765,50.89113129,75.59277008,56.74334984,14.1304091,33.84693178
I,9,75.88371428,55.03331311,11.73923349,30.40842426,26.21037317,19.71422027,8.24975434,13.56818482,84.75838013,61.59860565,10.69044411,32.29287256,96.7828766,72.58983488,9.521363029,40.29669268,68.44270394,50.41442481,11.16608972,31.76323795
I,9,115.9717517,100.0854431,44.53366701,78.28847976,64.18807162,47.93090366,18.27642513,32.88134816,124.2682743,104.506882,36.07895674,75.54842676,95.68421412,77.01408383,26.75913725,51.73596852,120.3226642,92.75064436,28.33005563,62.14138967
I,9,99.84685993,79.53530586,23.37736394,51.51149837,40.03743282,34.21461399,18.87207096,27.73318764,111.534942,87.91275581,21.05776174,52.91717909,55.67874461,45.70498402,19.51647561,31.89709149,72.15652291,52.70519422,23.68915918,31.00779285
I,9,80.89437441,55.13186314,26.74255578,22.00873101,32.3675015,28.96815337,27.8678215,27.09542482,93.45389677,65.43090843,27.95144345,27.42094386,93.86452264,65.90930345,28.18105501,27.85879381,67.20700509,37.17641446,19.69832258,15.58585494
I,9,102.7546343,81.11523631,16.36905562,52.42858608,35.74298389,28.69882758,6.718473788,20.67999821,119.5031963,94.82676835,13.65686802,59.46960692,111.3268732,87.38983036,10.17605369,53.20836105,67.64562383,56.12105837,7.806241467,35.69500014
I,9,112.4888617,93.71797117,31.55140236,67.64719689,31.37809084,23.01884823,12.11586679,17.38199411,125.1577363,102.1927828,24.3227275,67.60120767,118.2925582,94.26981911,17.01101943,58.24601347,124.852437,90.05526742,20.95797356,49.99650037
I,9,91.88029097,73.09214642,22.72688464,48.81873802,30.81314969,26.72421309,15.68953265,22.4310085,102.4331536,80.9085141,20.79545421,50.75086249,96.60905862,74.87748204,18.27634381,45.11771421,59.02439468,39.05566669,14.73082997,28.55858385
J,10,71.51868099,48.45150174,60.31868328,35.11040655,114.9907167,99.51943236,46.7675387,81.18603697,70.39100653,43.57978291,42.25567202,19.57980707,72.89737396,55.32816223,38.68831107,43.57939883,62.42132625,68.55091031,86.54724712,78.13414069
J,10,66.7368893,49.08368788,70.75454245,50.69148723,93.42106206,81.4655315,35.87461852,66.46403385,52.90961366,24.48360381,44.60942777,24.05053674,56.37481532,35.50188302,29.98535914,33.33408657,76.34615345,77.69235916,94.34007433,87.96190188
J,10,59.95565954,42.02599219,63.01486507,41.99732499,104.2332527,91.44798697,44.47242454,75.73769076,50.93406533,24.86207543,40.78712123,20.32783368,59.1818571,42.10515552,33.87535756,37.28040625,74.77947965,80.46614234,82.73551019,82.58957222
J,10,73.70031032,51.82350233,62.0434913,39.2400571,98.67681278,83.84364766,32.87686035,66.31257166,65.32899514,37.44656953,33.73746434,8.716886477,70.04893715,49.35843297,19.463973,32.90006853,78.81975495,81.41094853,102.1106502,87.49760382
J,10,84.38217986,65.2423896,72.11051563,54.33507122,90.91108654,76.00629975,24.37507566,58.13197912,71.16854458,44.42600836,44.86653661,20.24234339,64.50989671,39.46977331,25.46378404,18.02551303,90.60766623,94.92504026,103.5103299,100.3561805
J,10,62.34514277,41.28775624,50.49309586,31.48328499,111.710017,95.80569262,41.87713808,76.98948222,63.52788012,39.5136349,32.32855014,19.76749208,71.30120797,54.72881399,30.1476292,42.17299492,73.65929357,66.91717262,69.62142129,70.15675348
J,10,68.40731159,47.14390286,66.75833485,40.64736689,115.3715436,98.17556889,40.42612242,77.91080527,61.00657337,33.1497256,44.64406193,16.29110371,62.5337944,45.04864136,35.48007003,38.76304787,75.10846174,81.30938089,91.67715707,85.07747695
J,10,71.64143418,48.8157925,59.29775818,36.15254265,101.7330701,87.83328649,39.40226557,71.27140502,67.83287967,39.28459136,33.40032505,12.72050262,71.85713639,49.67983551,25.44513456,34.77257172,69.68255155,76.30257943,91.70703028,83.61705388
J,10,48.05048718,29.07835051,71.99504537,34.580666,131.1961374,116.322518,64.57645648,98.32144902,54.42444395,36.53518455,64.93977804,39.21217526,60.46574576,53.56373097,63.4327616,60.78032912,50.14562882,57.1647785,90.50560851,75.75261846
J,10,79.39162312,56.5957106,63.816004,41.33150468,100.3755329,85.67601264,34.24211045,68.14913017,75.87816095,46.72587642,31.25562526,9.761213002,77.642543,53.37946401,15.58367467,30.36244317,80.22529902,85.2898669,102.1473258,95.83272321
J,10,67.37373319,46.30773882,58.47617489,36.58898118,108.3532372,92.77379032,40.0836954,74.41683893,62.87867883,35.77015086,36.34096094,11.30167145,66.30450939,46.73183879,29.93516329,34.00075098,68.14404955,71.37056176,80.79708901,78.70863121
J,10,68.37826649,47.53899894,58.26386623,39.33983448,106.8159236,91.71356388,41.12363717,74.00930115,63.19741393,36.6257419,36.17559399,18.08405271,69.33603587,50.41769742,30.1002246,38.16722097,73.0155762,76.96975426,86.12008827,84.29259654
J,10,34.49267199,27.6335926,62.45307248,40.20103669,107.8948416,92.36604014,37.90491607,73.73218483,42.56879016,19.29441763,42.80947779,19.73870697,46.35940582,33.89582707,33.34598706,33.98228868,79.61809753,89.06937206,94.78652937,100.1959459
J,10,79.05097042,58.01877605,64.43313416,47.67949268,101.1985765,87.17346084,37.3887817,70.2031774,72.0019406,43.77705672,38.36068792,19.87349999,73.66194877,50.30129454,26.66902605,32.47794163,76.91805462,82.65051851,90.86778105,86.05518206
,11,24.0986984,20.78777446,11.69961446,15.49666992,74.87628272,53.56078465,5.825006078,30.31684055,86.98965065,66.97436013,9.446626759,39.61180844,99.98542634,76.44315084,7.152570086,42.85369998,93.96670537,70.13019892,7.305032882,38.08207265
,11,23.61569123,21.23912359,8.006484418,17.0430662,70.3082281,45.50558338,18.99422441,17.47779769,104.9068098,79.85062386,11.18870246,41.42581531,95.20359628,69.29330624,15.13449236,30.75809685,88.66220766,70.51818454,10.36972162,43.74703301
,11,15.87580564,13.0517626,13.80590574,10.96459075,88.18360707,66.67733875,3.551734507,42.40689653,90.73355891,73.46854649,9.976711187,48.23043206,115.1194674,91.23111866,5.972062764,56.18049338,84.68636441,58.12967983,8.399359011,30.87981739
,11,20.59732951,17.08355543,7.421506855,11.41332836,86.01643898,63.60654561,4.134202108,38.76288995,76.51438745,60.53880587,5.507242305,37.88868645,111.0059781,86.64911369,3.509905526,51.23058645,80.4553493,57.69835334,4.432187081,28.76138691
,11,31.91325673,28.47799932,6.309174186,21.72565749,76.55169763,55.16830228,8.984974707,30.9739781,53.03908929,40.72223823,7.006481428,23.25759575,98.23559238,75.36904241,7.938555124,41.34309344,79.73389309,53.05071916,9.130673187,25.63074509
,11,20.29915824,25.03156999,18.336277,28.00225317,67.6419271,44.86089201,15.34851445,20.11371151,52.71292426,36.29317712,18.07538029,13.78933342,88.58139652,63.79746931,16.85603539,28.57327588,79.30746383,53.09774459,4.515467433,23.56616493
,11,15.45486871,14.21982805,5.470852416,10.02101183,76.64743153,56.04302319,9.417034122,32.83827234,45.84228276,35.76176369,4.956772314,21.56419487,100.5398768,77.82350691,6.926036414,44.08312934,77.01833431,50.31212116,3.622619347,23.67203054
,11,11.2656899,10.29875934,12.37000111,11.35561438,75.42400743,56.96153844,11.83744509,35.6562804,55.89499401,42.89408151,11.7395857,24.01843306,92.84053703,72.76352843,11.57469693,42.36866877,60.52272151,41.34216229,14.39791601,20.40912747
,11,11.65425508,10.27903369,11.22723098,9.681408496,80.14346676,57.64832979,3.868280654,32.99833563,51.57075995,41.96638359,7.274580315,28.06519518,104.3223489,80.09333166,3.378927257,45.26780369,86.28980415,62.79315097,3.377757105,31.00446042
,11,13.093433,14.16248345,4.286414625,17.13896125,82.84509456,60.85860678,4.082550441,36.68375594,61.36945661,48.88068744,3.314680439,29.83227872,101.6967056,77.8148462,3.194542642,43.63681376,52.39720297,30.94315822,5.566294689,8.873743682
,11,22.515036,19.24839079,10.68723473,13.70613195,76.67488543,56.89046157,4.05119138,34.62760449,58.17982139,45.88370382,8.444764994,28.74685368,98.76253305,77.22651304,6.048553924,45.25389125,69.68303571,49.60246623,8.715526698,25.94968807
,11,21.17537986,18.94891859,5.700161821,13.63702005,88.32588364,64.86760947,4.426461512,38.92473691,64.45177395,51.02562069,4.695570909,31.96018876,112.5347068,87.25444176,4.005493401,50.63301734,77.26193711,54.86706617,6.708078879,26.30330083
,11,41.49217108,36.67974157,10.73775958,28.2280672,74.99883338,53.66342267,17.88380518,30.25009714,35.96896634,25.69081672,13.27404815,12.52906803,95.40144732,72.45104508,15.75739406,38.76860907,67.25826459,43.21382297,11.53649318,15.98079623
,11,,,,,,,,,,,,,,,,,,,,
L,12,17.55495493,13.04335468,11.75690263,9.257222884,70.21171101,47.32106273,18.80384265,23.25276822,97.83012243,72.74046612,14.34117522,36.30439698,94.21370206,68.87981647,16.78691027,32.81186594,19.32588791,18.33602647,7.453999582,14.61080223
L,12,28.65648372,21.68159262,4.590286847,12.68485853,77.1504072,54.41386218,14.55899667,30.21883192,106.6960139,81.46569592,5.91317389,45.14791379,100.3368953,75.44461265,10.31124668,40.07737449,13.32723194,13.01519891,7.779586414,10.54057713
L,12,23.18996716,18.30789507,6.682051459,12.68161582,82.94450377,59.68377913,10.35849257,34.00794784,116.4701013,90.40958672,6.846058584,52.20094575,111.7138293,85.55561234,8.154425827,47.86794865,9.878607595,10.57444302,11.79469178,11.27986688
L,12,39.20845926,32.90614521,11.94213732,24.65655526,89.60280543,66.15095683,6.050112173,39.47801048,121.9897934,97.38624813,8.807782058,60.08655886,117.4199327,92.4705213,5.923342601,55.06500189,6.566073061,4.837471721,2.493170273,3.812619295
L,12,37.74929614,33.57785494,21.92664682,28.47476674,74.40667725,51.3069287,14.74599009,27.06296909,103.7139554,79.12418751,19.12435083,44.72974034,101.1919307,75.96587541,16.47494484,40.88056333,12.11148251,13.84557481,18.5584981,15.66380788
L,12,24.05326567,19.52131577,10.27230045,14.41189552,65.92324403,44.8177305,19.07327744,23.19925564,95.14642331,71.06767381,12.96409879,36.67632505,91.10752412,67.03763851,16.06808039,33.4279544,28.08967676,26.28844627,8.004513945,19.25256621
L,12,33.81055546,29.16546665,18.20273097,24.02768601,73.73494199,48.38085841,17.73074815,21.08382704,104.6482567,76.91762069,17.06794338,37.898404,100.4240537,72.42590219,16.83826234,33.27254713,24.04585428,20.8941694,15.71102055,19.23797161
L,12,25.64267572,21.4622503,13.39395006,17.07252398,72.16842788,49.23289318,15.47764304,24.23659826,104.5168695,78.89245722,13.40924122,41.62446363,99.17276131,73.36079722,14.14040028,36.55770947,21.22811336,21.10978138,10.26177935,17.25189725
L,12,23.05133586,21.5074756,18.79200845,20.23250489,69.74133516,50.5892418,9.208220091,29.12057947,47.89484347,36.3456794,15.4885829,19.68465313,82.15055758,62.50482669,11.89108252,33.52230121,65.97555259,48.27607804,11.94903568,29.09445349
L,12,28.13134832,23.60122896,11.80872213,18.26242655,73.67238803,51.60527611,11.46194725,27.30168012,108.1537531,83.52764432,10.56210503,47.47295254,101.7910068,77.05530773,10.35032409,41.50605384,13.9157826,13.44059447,8.743777386,11.80334784
L,12,17.44726703,13.91128856,10.48617345,10.98224133,81.96151642,58.52815768,16.39234384,33.21068554,89.09577954,66.16575914,12.21002805,34.12988762,109.2744786,82.9204281,14.2825333,45.29419129,23.1924326,22.94042299,13.24036777,19.59792667
L,12,30.69914762,25.88095587,10.23066963,19.72510752,71.75244189,50.08800288,12.25743919,26.77319733,104.4006404,80.43130513,10.18553844,45.9017902,99.52193508,75.48359209,10.71748039,41.50510907,12.6310169,11.85926748,5.133942642,9.322697638
L,12,26.60189593,22.06490061,9.999491191,16.5357261,68.96924116,45.21105004,15.97422182,19.850484,100.2858929,74.57237485,10.723835,37.67272522,95.77461462,69.64125179,13.04510784,32.63262705,26.99129788,24.0631365,8.616232381,15.24328584
L,12,32.70242056,26.9029551,8.277280315,19.37881962,77.10519648,54.37453758,11.26527212,29.54208682,104.0249723,79.58341804,8.078510413,44.18726755,103.6086726,78.53355725,9.156314239,42.62311574,12.91454366,11.21760131,5.581640713,8.357965014
M,13,116.3586646,84.84695345,34.71007612,42.74321031,96.53586931,65.75917631,47.46901488,37.76616758,132.2209204,97.55094489,40.27116868,48.16427959,124.9658263,90.30316113,44.382742,42.63735167,67.3184602,58.81098364,18.0965584,25.05477539
M,13,83.85822357,61.19864886,14.44772274,27.87444154,61.43651966,40.70053537,8.231548888,19.76267524,97.55291141,73.2322828,12.25243791,34.58537824,74.45680992,50.74748587,9.880415587,19.39760634,104.1315376,69.77932258,9.549993162,32.93907737
M,13,81.42746187,60.51785385,20.0517488,34.86137174,65.76429201,46.450023,15.35254477,28.05174818,94.68030385,71.1906733,18.30875561,39.60644135,77.63575958,56.19568748,16.64593134,29.93551203,94.5981271,60.99091693,21.22619916,29.34356359
M,13,59.5050035,36.12792133,23.33935853,7.708009196,66.70763365,49.30028185,20.78534603,33.74370835,73.53556665,49.00697685,19.82756747,17.60615096,69.50854139,48.39891518,17.82029516,24.06774836,76.15953353,49.9139164,28.95562203,33.06073004
M,13,75.29050432,50.11431611,29.21025083,29.00137648,43.99479268,30.25461984,22.50998341,23.83199359,78.10496499,50.39270842,24.77579742,26.34849197,53.68088973,37.20032974,22.10180676,25.18843587,95.46097429,68.06935148,30.68596246,42.84043882
M,13,74.58895522,53.64605193,28.91946979,29.61363871,22.28059549,15.09641312,17.77062554,14.17895717,74.00887571,48.8498379,21.71458872,20.83975799,37.44893511,25.96598044,17.57100265,17.08395583,110.8980575,83.76122833,35.1147401,56.08121738
M,13,109.3699416,86.99850199,45.23116303,56.99056374,104.6400397,84.42258291,32.50828059,61.86676055,124.7775095,102.4030995,38.43453298,66.96495129,118.8192207,97.99809125,33.45916013,64.86956736,56.60792314,26.8109145,39.051606,21.29316314
M,13,104.4504269,92.81667583,50.8455406,77.16993721,61.42860195,49.97664834,29.54450668,40.66193066,107.5656856,91.2645216,41.19718408,69.33666614,94.80271783,80.67950599,33.58571834,60.31228699,116.723897,91.20517021,62.44438791,72.59638225
M,13,59.99840017,34.4002514,39.20968241,10.69291646,56.99320235,43.85558308,27.37564425,34.01392096,75.85503126,49.49175785,32.08983633,11.70772203,60.84757579,40.44769476,27.3125147,22.61746317,95.25894176,71.04000697,26.58393756,46.66970613
M,13,65.56705943,39.42996623,20.00777827,9.960663463,58.77678429,38.09432836,3.262630966,16.15005378,79.66673939,52.14621212,15.31027993,14.7573927,69.2311437,44.02585814,8.824383867,9.674618468,67.45425436,49.49959629,7.239300619,25.43250823
M,13,70.58019624,46.59097463,20.23970397,14.61136272,61.93220992,42.80106067,14.39237297,24.48650741,84.13480021,59.0994553,18.79675446,23.34232322,71.28227075,48.46303267,16.13866367,19.25073572,69.61468341,44.15785867,10.74345929,20.86465987
M,13,79.06511187,54.29231835,26.39448436,18.12469577,66.04419545,42.42784811,12.67373611,17.303739,92.69159707,66.41691795,22.80081927,25.01192334,75.18829021,49.16134747,17.63124932,13.71631612,83.72841857,52.05422776,9.084991884,24.33499308
M,13,67.14024703,44.4627062,15.94020864,15.9530417,57.31089723,37.07124966,14.87989575,18.48283599,82.29950574,57.50395328,15.75706336,23.17672773,66.95593639,44.56463554,15.1404998,17.40077326,66.43672016,42.98982033,24.14185839,29.91413057
M,13,69.95000747,43.14189544,43.01802449,13.92632339,89.77019555,75.06926469,50.49296733,62.22864816,84.41241721,57.11778768,32.68600173,16.99662008,85.6029258,63.53056764,36.95953441,40.07587801,67.45048797,49.27408341,24.49550461,37.38768604
N,14,59.13391717,33.58425189,22.66220223,16.2982837,49.16384481,29.83957338,27.61995545,20.28549231,64.23220624,36.95329257,26.00598917,20.38890971,63.33765702,40.00864276,27.20776571,17.69094617,59.86396191,31.74712104,11.56343639,14.9817284
N,14,88.54200814,64.38145977,39.9406373,39.45648734,91.61004139,69.00120954,23.80660224,45.06940887,102.1865321,75.97021201,34.15785951,43.67491753,101.8663274,77.22332549,28.25102077,45.09398473,48.87755126,27.92785162,31.86494807,19.78363325
N,14,53.89367358,32.29413814,35.39295112,14.66577788,56.24616925,35.23527777,31.76713732,20.77518483,62.57659147,39.35850321,35.1416897,17.36255726,63.13775492,39.91198165,33.55800521,17.47801036,54.75059916,35.36999554,18.71931515,25.90060761
N,14,79.07578139,53.66203044,22.2690421,24.18882252,65.16656473,42.90571421,21.16077305,24.15177857,84.43802094,57.15385778,21.61084429,24.63784202,81.92366879,56.67817898,21.23961445,27.22008693,87.75507499,59.89344329,21.84022311,32.90249334
N,14,70.6906062,44.39177997,17.79081447,18.00308856,35.56011507,22.92832101,21.9676164,20.4858275,74.74542967,45.46080571,18.76475633,17.83052942,49.37524415,30.36895493,20.32540929,17.48106627,86.56929631,60.90061816,18.02402858,37.68041041
N,14,58.29188035,36.10966441,16.28798433,16.75203021,34.87794589,18.93486351,22.16122587,19.76894993,57.25791357,34.29900106,18.31036786,17.56675976,48.35758427,26.98748739,20.30288289,17.29532357,58.33678277,43.42154961,19.61234452,26.93287616
N,14,56.43960835,36.14443289,20.25399257,18.09788071,65.98343902,53.46403645,33.27460379,44.06734549,71.95454542,50.66104712,22.54706786,27.92910341,72.86143064,54.73181262,26.92638455,36.3525603,68.02629776,45.63272044,33.40703533,34.9047302
N,14,67.39457292,46.41570906,21.75246095,21.18798499,44.39006765,26.87512921,32.67510873,18.79335281,70.67954655,48.19918296,27.13063511,20.65152079,65.41661186,42.85689933,30.56324399,17.92754527,86.21424234,60.00804774,9.164974398,31.75168007
N,14,58.71158871,36.89288966,18.26375641,15.31977068,60.88202382,44.01220774,20.98044413,31.48230208,69.49028825,46.37607107,17.75403979,21.33675647,69.21282313,47.57051789,18.19633314,25.16201581,52.01689495,36.65205415,32.93638159,28.9675444
N,14,61.63469916,42.83146448,26.2722019,24.28531171,59.35817048,43.68284357,19.48157025,30.25469724,76.32755747,56.08613207,24.71757042,31.75253351,60.01117038,41.97383841,21.97431264,25.52966875,66.45262488,46.57551873,12.25918786,25.55740148
N,14,76.67809158,54.69808817,42.89649068,39.8398134,83.30890614,59.5674355,25.97742918,36.26948335,91.24604898,66.7594357,37.58164861,42.21573297,93.95795777,69.59728082,31.17669111,40.71329706,29.59104284,25.09775146,23.42055995,18.79906789
N,14,70.71195882,49.05881858,16.27191064,26.71495255,49.65293704,31.18521331,22.8380983,20.67946532,72.74835873,48.29356876,16.71178665,23.09502351,69.47595805,47.6353579,19.3763096,24.16912051,76.19417821,52.65133965,13.59088617,30.00465005
N,14,61.22255136,41.71469356,24.16573787,18.91827315,44.84605356,22.14826715,21.96588289,10.12725273,65.94210233,44.99173807,24.62067626,18.89489515,59.01895154,33.64752455,23.51730258,9.139589709,72.58349486,44.89633794,6.936492454,25.61592992
N,14,57.6993236,37.38554702,13.81706911,17.02232924,33.02726543,19.6222144,16.93094527,17.29378052,54.11793005,33.23930575,15.05032017,14.98149626,42.95780693,25.90642418,15.93043733,15.35328375,68.8727548,46.35300998,15.21788597,26.74201134
O,15,56.75699317,36.02789039,52.15333955,35.17415073,74.21804053,57.43616888,29.85027929,44.16844423,70.05683181,41.09869505,28.24193843,5.364209578,75.5912176,50.87151909,17.01381291,24.41884777,49.40902031,47.17062977,50.10312667,49.30371363
O,15,70.26918606,52.71236891,53.66723669,46.42902363,94.29959488,71.51649987,23.05810362,48.11237931,80.52087227,53.98557343,28.53252658,24.96487129,82.14882704,55.88216419,7.554687658,22.05847749,36.71535652,35.91277834,38.84278578,40.13403983
O,15,67.22200848,51.47907225,60.6548802,50.52300646,56.38096562,45.3060214,24.63083432,36.10425058,66.52395066,38.74004056,35.99439855,15.41159355,71.87801731,45.94884854,19.3762546,16.93384551,61.45695474,58.97238277,62.33462774,62.29565227
O,15,52.32192322,37.41059236,52.97295973,41.57468675,64.37892373,54.6652756,29.1784041,44.82392822,59.1177698,32.87223664,32.3130481,14.08765348,45.24526687,36.09996429,22.29855424,27.10628094,57.59863917,52.30790113,58.67994418,54.975756
O,15,45.93494163,39.43841145,62.58400207,49.48818923,55.48723856,41.0514828,20.76244002,28.62041682,54.83355307,30.11993539,43.04202584,21.09725827,41.21866367,26.82647304,27.11956922,16.54299081,55.06410777,52.27540891,59.82599468,53.49547344
O,15,46.20284256,31.2139117,61.86597451,42.72697655,59.58177578,52.52421493,37.47250665,46.54995528,53.85557561,27.32605588,44.70305715,21.06288092,36.60504954,31.76308535,36.18723467,32.30887492,60.6613821,52.26803351,60.07443357,53.13098021
O,15,45.34872474,26.81799533,50.34566132,30.15709819,72.01039324,63.32990581,49.94442404,56.85255761,63.6446209,41.56733427,43.13660137,28.68142642,74.65976118,56.9305544,44.34286523,44.20842862,53.97910188,48.13397705,41.48179942,43.47052915
O,15,49.66405968,40.4725936,56.78797611,44.04156231,64.05388845,46.61603298,23.34538655,32.49692925,55.92647201,31.95526596,36.3097913,13.5205528,62.69639863,39.75711613,22.25274038,15.64673756,52.7752699,51.45947855,52.20517042,53.55095483
O,15,43.05129738,37.86025444,51.55199861,42.11706728,84.90321017,66.03342956,28.10986075,48.38737468,66.90261946,41.62633997,26.16491506,14.78099425,78.5265284,55.37536551,11.55320646,27.76240282,49.5334139,46.53591777,45.31347783,47.84231853
O,15,65.41540131,50.92752346,60.78014056,50.24805674,75.13060641,57.17322767,21.46902026,40.79996203,64.13695514,37.44543082,34.41589733,12.71643826,72.0768186,47.27020639,14.61031451,17.91350575,63.66579981,62.25759862,64.66160301,66.21840988
O,15,50.60686741,47.74019876,66.6317896,57.05864997,45.36733189,28.81137681,17.5640705,18.91156847,42.791413,24.85597197,45.78652242,28.86259341,44.33889994,21.56500596,27.1772557,11.04844923,56.98907937,56.34838471,54.03408482,56.84142141
O,15,72.55281429,65.19487998,72.59778941,67.91173403,64.74950527,53.04655978,33.94432042,44.89858807,57.87589775,36.49988133,47.30611722,30.2203994,54.07608489,30.89210197,31.10983909,16.98404094,70.28669535,68.69026448,64.61478253,73.60761116
O,15,49.32641796,31.10925741,45.89227404,26.05195682,73.5430953,59.73277766,28.96575836,45.88168823,72.39479825,51.00004052,35.98790747,28.3182846,74.73595733,55.9016603,29.44502991,34.37779683,40.5016489,37.18553703,39.25898748,42.60725113
O,15,50.82168416,37.74884928,57.97816715,44.24361354,67.17221709,61.7137379,40.46630689,55.77835571,49.44527118,22.49456047,36.84742883,13.98783119,61.23632833,43.29257183,30.57870277,33.36592567,58.6624469,58.5866239,59.23363579,63.53911402
P,16,92.6534839,76.26324075,29.57993207,55.07421882,88.03792191,63.94075899,33.67529964,39.20891536,133.892744,107.2281201,32.79803594,68.39258005,118.7104664,92.60620572,34.21712765,55.79022859,52.82732603,25.14614189,84.70987936,30.37649315
P,16,94.1808938,79.52207172,29.79268345,60.11266131,86.58486289,65.05153181,15.68414266,40.36554628,134.4733647,112.2832833,25.65407332,76.63110508,105.0623845,92.17683693,19.83514659,64.92791858,129.3973067,94.02842579,24.971432,49.34416239
P,16,73.26170225,58.57612731,19.46185603,40.05923726,102.0933379,75.36819693,15.62848948,45.0847052,127.4587836,102.5551192,17.01165773,62.97796196,131.1529764,103.0444521,14.71111557,60.94259119,79.90175781,53.14539984,62.74667511,42.56651536
P,16,89.28228337,73.47088886,28.00708769,52.83535341,103.6287587,79.8433559,15.32168898,52.12506322,129.2607579,105.855127,24.94431976,69.83883582,122.1207041,99.08285123,20.15996995,63.80939405,40.92114171,34.30139671,98.57039064,58.92111884
P,16,96.28132238,79.74669376,21.61714464,57.37522403,105.9410844,79.83740256,12.71596367,50.56078531,151.1327413,123.4572308,22.73268429,81.26261084,140.8550336,112.8549922,19.06599879,71.28731974,71.41862414,44.88575513,58.65539088,23.43469868
P,16,34.23207438,32.54129514,52.20173155,42.77549447,55.90905401,39.9649044,21.20914293,28.17636358,58.15666167,34.16642202,32.020402,15.21642465,64.12163011,41.01510532,16.93327279,15.37757344,43.3898774,41.27849139,38.97977181,39.5429149
P,16,76.22808337,62.37469101,47.95342193,47.63616049,88.02532481,70.03732474,26.00843243,50.98193565,99.12727664,77.09829398,40.11138024,48.47357252,101.8292368,81.51431781,32.61673429,54.15011947,71.11258383,50.88605348,60.61691421,41.74401925
P,16,91.52437628,77.13218069,35.35833885,59.16044405,102.3439078,81.76883872,23.78656424,57.88712519,144.5092498,117.0131271,34.72490566,76.95155279,123.872319,102.4117564,30.55091152,69.61673481,66.32817434,41.27760593,60.5588316,39.17111806
P,16,88.32450523,71.91175446,19.1815333,50.90229738,82.20469601,58.97214438,22.14022591,30.01213073,125.4731596,101.4893965,14.70488668,64.36589826,110.7613813,89.86308493,14.73213954,54.38569119,92.05869046,59.14170525,42.07299603,29.3977282
P,16,52.10477236,42.50634294,21.08890362,30.83298192,101.8832307,83.13512922,21.79138743,60.41140373,106.5451303,84.23575966,19.33384518,52.98552069,118.847772,97.54015577,19.89988619,64.24396136,53.83254817,41.64300676,27.84160755,25.28074471
P,16,77.10533942,61.14469956,24.75322268,40.69256753,101.4413122,75.39847885,8.161708756,45.68812112,118.5828841,92.57870574,19.42493922,54.71976241,122.5385132,95.23741212,14.06139769,54.68086177,68.58405329,47.28998118,81.06770825,55.25548255
P,16,70.05744867,52.68866677,23.29054031,31.16008614,79.44223904,62.83318202,20.34834707,42.17827653,114.6185062,88.31420405,22.3426655,50.03475538,109.6894861,84.15007064,21.45210471,47.89066027,67.88627503,46.42549951,27.74407978,27.11606622
P,16,71.96245032,57.35525425,14.17754987,38.19457462,103.7788992,77.35672723,8.048745381,47.43685904,138.7444719,110.3425232,12.36335849,67.57634972,133.2928342,104.63257,9.585458788,62.24139679,63.81516301,40.40965145,75.15391534,49.28332767
P,16,47.96011847,42.86809904,26.61530527,36.2960037,87.20132524,76.17579331,34.45144886,62.42224761,108.3440004,88.03363336,30.46628072,59.49470277,103.2436474,88.46632412,33.19060191,65.46516162,87.41921708,62.38722747,23.1120737,33.81652617
Q,17,91.80473424,76.84369035,27.66571455,57.37074489,108.8981048,86.05425417,16.82769613,59.95634116,149.2917288,124.6065781,26.07531418,86.40832432,140.2078225,115.3708036,21.80142095,77.84875619,97.91612197,72.653338,10.23473058,40.50624724
Q,17,106.7624225,92.32118625,40.22890584,72.6688732,99.30608455,76.02858696,18.92118838,50.8386091,143.8126452,119.7464654,35.25342523,84.5313652,130.6073771,105.8826351,27.14244272,70.53977752,101.1128869,74.88210028,17.81163203,42.38047058
Q,17,115.7122055,99.97910925,43.94479275,78.68484638,106.6504842,85.50200203,24.99750776,62.04058587,155.6493082,130.6509552,37.8493996,93.54888234,142.5106419,118.2822049,30.73041575,82.55473068,108.98711,85.37200147,27.4072149,56.94134866
Q,17,128.6316592,111.9696872,52.09415711,89.26048029,93.89971235,74.89658181,22.78364177,54.13967467,145.5517009,123.6076285,43.10089986,91.31320204,128.9768384,108.3693465,32.18094872,77.7378385,111.4820091,88.06464209,16.75272152,56.28624255
Q,17,110.6266543,93.89775183,38.41050052,71.89204121,101.9511443,80.74978947,18.00336091,56.80209917,145.2758939,121.4311555,33.1389055,86.02433795,133.2602853,110.5338661,25.55936696,76.44442069,101.2255318,79.60540605,15.76792821,51.12186619
Q,17,119.3212086,104.8197267,54.59224013,85.42177394,106.132387,85.08861467,28.4502809,62.29884032,151.9181314,128.3886055,47.56719418,94.64785326,140.6456369,117.6142127,38.10365694,84.29620192,121.9291003,94.35562808,17.78328049,60.13202862
Q,17,89.69253183,74.21792214,22.40167179,53.74220124,85.58441561,62.4259706,13.76612947,36.87522239,132.5423045,107.6916302,15.58523067,69.668955,119.2084325,94.14438201,11.61974467,56.57723304,89.18378135,68.00219884,18.21326194,44.13397049
Q,17,123.2645519,107.3088057,53.72299908,86.2357546,120.5729906,101.6230778,39.55465976,79.48973298,157.5847784,134.7394938,51.8649053,101.2533121,148.7241325,128.1027653,46.25352783,96.49192585,112.8191215,86.00012092,7.016133192,52.83387226
Q,17,100.9212654,84.424773,30.11697526,62.81775169,107.2823724,83.85431281,21.2752724,58.43171514,144.622385,119.2960328,28.68855881,82.15629443,135.8031766,110.6138873,25.0225299,74.43255764,103.1339877,74.78934625,12.11159076,41.511916
Q,17,137.178298,118.8225986,54.74655517,93.82534441,111.0385737,100.3080862,41.15547907,83.87425015,138.8058661,125.7546839,55.30093815,102.3231529,132.5473967,121.3331357,49.56840515,99.47565366,94.07951969,67.01002257,39.02658571,28.82293521
Q,17,111.6660048,93.19654592,33.05869118,68.97057558,118.1237479,96.44947686,25.89224465,71.08849161,151.7721087,126.427378,32.51392501,88.71491595,146.017021,122.5819934,29.42353015,86.59470008,91.04403718,68.75529845,2.052160993,39.63112009
Q,17,131.3995055,112.3926852,46.64738237,86.86866159,113.7887845,96.66021783,31.73219923,75.109627,160.5515692,137.7876455,44.52782264,102.3977887,145.6812039,126.8186331,38.58708981,95.38459918,106.7859868,84.3537941,12.70010661,51.99369769
Q,17,108.5653983,93.24882948,39.82587989,72.69176606,114.4759298,93.41048721,26.5635283,69.0164027,152.9422606,128.2096697,37.25676291,91.65190741,145.1422814,122.151384,32.07319375,87.07531551,103.6074561,76.77982725,10.58440456,45.1601858
Q,17,133.4135625,115.6910984,55.48691495,92.20992225,122.0021485,102.2504845,42.81441501,80.04860095,161.1180577,139.4112589,56.44643274,106.6659177,151.6384005,130.1184261,51.12264297,98.26130481,109.0649696,80.60588726,25.96194317,40.03752417
R,18,30.31191258,24.59138517,19.33922947,18.54444306,63.23855777,40.34112823,22.82387414,19.01701045,8.276175661,8.279028864,21.10720638,11.64919107,85.78565959,59.25584381,22.15019331,23.82321232,100.977213,67.7676864,9.00210072,32.3337322
R,18,28.3692038,22.26818836,11.25984043,14.36979688,64.66469445,42.64956314,12.31412355,20.46433176,17.54717284,12.94016047,10.32126352,6.813717526,81.09222014,57.40840756,10.78510589,26.04787889,81.43908402,50.93029298,22.04942969,22.19810715
R,18,30.34417883,23.12598555,9.381643746,13.57444441,75.22332607,51.32990587,17.96345641,26.2626385,18.59673539,13.57541581,11.91649828,7.23018988,103.5452068,76.49773097,15.02991125,38.17224743,98.42560923,64.35221125,10.04159236,33.25187255
R,18,24.63067808,19.430531,11.34108654,13.32700947,63.96310221,40.36443708,22.19166574,18.80261624,18.11417701,15.57559438,15.20404238,13.27707053,76.80673379,51.92399772,18.95203648,17.69243753,94.2093927,63.68593503,12.11075268,27.00936625
R,18,22.57241848,18.42903641,15.01535799,14.03796459,74.36521216,51.7004646,19.23823892,27.78088588,14.41080388,12.6607294,16.63173649,12.00083921,95.55654033,70.42974065,18.04300905,35.21953509,83.21098991,55.48570147,12.06303882,26.12119978
R,18,24.88199351,19.71610774,20.83020489,15.19425848,66.77881637,45.23490435,25.62957395,24.94179129,17.1052723,14.58538801,23.2638831,14.31722875,90.02182178,64.55637927,24.74516325,30.28718319,89.67928354,56.27133688,9.930136468,28.54395873
R,18,37.02829636,31.87900216,22.90546138,25.98589949,57.89470807,37.67584263,30.99891061,18.58348325,8.325090054,10.33195605,26.02806915,15.37642893,80.43875532,58.02604078,28.66748338,26.67102268,88.58106204,60.48661127,13.79387352,30.48163976
R,18,25.81072341,19.15959325,9.475904966,11.02644579,53.16676206,35.3324871,20.54811529,17.53949294,13.45274291,10.71781159,13.03703465,8.747109036,75.2823883,54.87950211,16.93562773,25.92535709,73.14006649,49.15345659,13.66584006,22.08445183
R,18,22.28937734,16.33923689,18.99228975,13.15533553,54.40034639,35.43793859,23.72725317,18.0283149,17.00464431,11.57555186,21.56839385,12.62186285,71.48713171,49.29252731,22.92773698,18.3048597,70.90695328,47.35240179,6.685120281,29.30603578
R,18,15.30058332,10.41002078,21.05444057,9.027579681,81.52621615,57.21233972,27.61575123,32.72049544,21.20868328,20.2037025,24.75377965,20.36353916,99.14240106,72.00824557,26.77853256,33.87501974,83.90160336,60.84285103,13.73338847,26.00019065
R,18,22.84621051,19.87954019,21.43602027,17.9445733,66.82758655,43.62047678,31.31187751,22.3115455,16.48583805,17.09935193,25.85068055,19.46777726,86.46995061,60.20414194,28.97607222,22.61338867,82.09510876,54.77883761,9.607339219,27.86689789
R,18,33.13916299,27.9465312,16.90062434,21.97719312,53.54141452,34.17524155,30.94804544,18.82224824,10.280353,11.1988695,22.55800978,15.60106795,73.97209284,51.47664225,27.21965236,21.23715437,87.38205774,58.32244102,3.5954611,28.06033042
R,18,29.0441406,21.20062641,11.62176241,10.59015828,85.49971521,60.95841621,18.13055533,31.86195714,23.66871638,17.82917655,14.27018248,10.53506584,108.6071731,82.77877858,16.49982304,41.30194113,91.09955764,59.19600767,11.1317669,30.23717946
R,18,23.17102281,17.20865928,12.36205097,10.14009821,69.09542878,47.20980376,22.35911048,25.88281207,14.68831877,11.81102736,16.40408315,10.2661735,95.95358828,70.08830529,19.78239718,34.73102748,87.27572414,57.48440523,7.677367114,26.91895523
S,19,98.22479481,75.82079892,12.41624524,43.04608506,71.53113131,47.82939338,16.38884263,22.02093542,113.1091069,87.84039387,13.18298357,47.75268965,99.89544024,73.99505663,14.57947846,36.85495325,89.62372922,58.23710921,15.03753505,32.12978752
S,19,95.20597209,72.93350859,9.15256835,42.4891295,94.80135518,73.2063284,12.48957288,48.96766186,115.0132218,90.44344809,8.567018704,53.79963319,116.039395,91.72149492,9.849711005,55.97579256,89.41146948,57.21775355,13.34115092,24.4134514
S,19,85.09800026,62.41981397,20.72125403,30.83109444,64.10581649,41.5083131,20.48631458,16.69552836,96.29864688,71.04481858,21.45529863,33.04152579,87.12191516,63.39207462,21.15686139,28.15454135,77.1089109,53.43489242,9.187234362,33.51061836
S,19,68.40331798,46.04058641,20.72762973,18.33901736,61.04899119,39.169512,19.9200788,18.90867981,82.29267429,57.4228343,20.77644327,23.37283716,80.59637901,55.99906102,20.22098749,23.22125644,86.52615881,55.83733903,13.9772693,32.21778523
S,19,71.09041561,47.1837645,29.32512865,23.38352843,59.04242367,34.54421444,25.30092492,14.55805118,79.13526769,52.76628169,28.61868445,22.24833863,77.09176243,51.22686564,27.11243543,20.33724637,72.76581002,48.16757931,20.31137346,28.10893891
S,19,91.01034632,68.96305314,6.125935549,38.78281272,73.47784759,53.1176538,8.780771456,29.24137893,103.5066871,78.42328572,6.240145888,41.64211275,97.7272649,76.17822159,7.107989432,42.25043376,81.61732018,52.85904723,10.36061658,31.1302337
S,19,76.89922509,53.73203754,17.99815153,24.34886174,61.76546767,39.51777597,19.67708008,14.90312454,87.49118092,61.05682972,18.5388565,23.47487331,85.02187867,61.83112085,18.84321281,26.99330568,95.39523546,63.76558945,21.68151299,40.01454415
S,19,85.08719206,57.87982448,31.59925606,23.43870618,76.16507394,48.99082291,26.97691516,20.81444379,100.402438,70.89886307,31.479254,28.0099789,97.50054771,68.7624252,29.52240066,27.11477864,77.3524325,49.02710943,8.099212439,16.0542576
S,19,77.35470892,53.65431774,17.27696553,22.56621163,59.70785225,37.04951847,17.60471841,12.97973754,91.52054903,65.0652067,17.89026409,26.9308908,79.87824255,55.70310528,17.78160242,21.73658382,79.11885891,54.5080044,8.440905762,26.67671484
S,19,91.99506621,70.96728732,5.833779709,41.14583591,75.77022033,51.56066279,15.6926264,23.95414874,104.9598501,80.50768508,6.800821367,42.90806084,99.76776518,74.85428384,11.18619914,36.88468376,80.31387656,51.14495184,7.285976102,28.1006738
S,19,75.12101705,52.87687112,13.36252205,23.24397993,70.92182028,50.12099887,11.96294832,26.57212817,88.51447933,64.13000528,12.92432896,27.79232987,94.0145292,71.25505661,12.47201961,36.3136829,88.5355818,55.54837727,13.18564652,31.96579712
S,19,85.34024507,61.0238033,15.98655103,27.47060984,70.40151498,46.44075892,17.42744777,19.5791182,97.08059798,70.37886624,16.89640412,30.98473124,92.55930703,67.2234574,17.28122696,29.49292063,79.97175131,48.69299287,9.139712436,24.89556603
S,19,79.24574069,53.94976425,22.89993987,18.88140215,65.44054615,40.30902275,24.68887255,13.12115139,91.75254734,64.1023094,24.52370697,22.76093936,86.33297959,59.98260772,24.87050405,20.23646593,74.34653146,42.59618548,7.510486315,21.31985554
S,19,74.11859839,48.58448513,29.79093352,19.59521127,63.83165347,37.29504718,31.31142027,13.0015612,82.45143085,53.79734898,31.83587724,17.37031825,85.66646585,57.54385073,31.86487577,19.48035888,75.60919454,44.62396982,11.05147389,17.26265897
T,20,76.76476375,51.20508812,32.99102229,23.78510165,74.79880553,50.78244098,20.74970418,27.10478464,92.97216211,66.39154273,29.97669416,31.47434292,88.79846257,63.56170376,25.40155272,31.64198247,39.69087709,29.16824007,13.53990367,16.43405524
T,20,67.58045802,44.02405578,20.94354436,14.10119281,51.76285579,28.9673593,21.00713973,5.485386293,77.11128277,51.31331773,21.45021615,15.34289791,73.22315772,48.51113537,21.21780358,14.01087372,60.73855941,42.64019924,14.55077872,26.38540075
T,20,66.61489747,39.2607779,32.30657181,14.68452445,64.06114068,43.56014942,30.12571849,25.74071607,79.4911459,50.15850291,33.03918386,18.88343099,77.41309489,54.37815163,31.84277435,26.20838079,60.91153462,35.30480144,8.696378916,16.23929935
T,20,84.33577547,62.041989,11.93471485,32.76782873,73.90342338,53.68950539,9.599785781,31.1954907,100.3460246,75.46015192,11.33087969,40.01656754,96.93425402,74.62367064,10.46128844,41.70798715,67.08034107,44.46778883,8.600886162,24.15787504
T,20,65.23358539,41.07844728,39.99210645,32.22938364,54.57140297,35.5129274,38.99257085,29.26752121,71.362564,44.76888306,41.88506833,33.72450395,68.74963135,45.03420355,40.73296552,28.44027551,54.87344573,32.80330128,15.25782476,17.87431744
T,20,68.9631358,43.58631196,40.35893587,22.33913593,60.86788893,37.10463803,23.53821606,16.23541319,83.31822155,55.94238708,35.84301677,22.37846357,72.2258747,46.43188715,29.81712208,17.88178792,46.09035221,34.84051333,21.70385979,19.22420954
T,20,66.2068151,43.54776472,40.2705017,26.04284779,69.07475429,46.95533723,29.50460684,28.33096303,80.67192837,55.86667494,37.93505742,30.30184866,82.14373592,57.10076965,33.84545389,29.05953975,44.75709427,36.60960049,18.08202452,25.65142186
T,20,73.60432716,51.01782224,16.19004334,21.2425098,74.45704142,52.523325,9.682101945,28.69787446,88.27710801,63.84876477,13.78798869,29.23725073,92.7356758,68.52146407,11.42442243,33.89680754,67.79012538,44.68979994,8.890927902,25.45365848
T,20,62.88669665,37.55652656,48.94316045,22.45058011,73.03588029,47.87490573,33.88034041,25.23615278,82.29781012,54.27079185,45.72703616,24.44773204,84.78836376,57.06969113,40.04834478,24.74991816,48.35392909,34.84566481,18.35271955,22.04389333
T,20,63.37914936,41.39052574,38.6926788,22.79195823,68.02103966,44.86197752,25.35896732,23.78992607,78.06655235,53.10408251,34.97272457,24.76617022,80.50291907,54.91225711,30.18646102,23.94302018,42.42877654,31.31852456,25.12296475,17.21632057
T,20,76.73873117,53.94824637,15.16313255,23.58956454,53.35137987,29.23189057,25.88126579,6.057192998,86.85117234,61.29792546,19.51916931,24.52955695,79.3084931,53.65509884,23.00941308,17.62310693,71.31050043,43.70420932,13.70563777,22.47365835
T,20,60.82838599,37.73732764,37.97698789,26.38186403,52.52681412,33.97123049,23.29378305,22.31891096,73.86349144,48.41938678,34.25680276,26.69468388,59.19696426,37.38647053,28.87984733,20.84061901,45.75820417,29.71988859,18.15640441,16.52233622
T,20,79.34146475,57.26880489,28.10714349,32.79696481,83.80202302,64.54691757,27.21275559,46.03128862,99.0466468,76.08693599,28.78813458,47.41760402,93.53003379,71.2811189,27.71764658,44.57962674,29.12736673,20.85283933,28.04775629,18.31700752
T,20,66.79904547,41.86986846,32.60271084,18.73848791,69.59108381,45.036351,20.91622453,22.21631307,81.57488337,54.206582,29.45814034,21.74371946,81.78581209,54.71060952,25.10794969,21.59607179,51.37041819,35.02145371,16.82634468,20.56181901
U,21,32.04055581,28.78306598,18.20792039,24.50083852,55.4890681,36.84974412,14.43692474,19.07250981,20.92830922,19.84608538,16.32901935,18.36934433,78.53653769,58.05020422,14.89616254,31.09727558,101.3554009,71.17235748,15.83748252,41.03824927
U,21,19.98955849,17.83796429,14.82413563,15.63236555,65.2098333,40.02658963,18.42925814,15.39746266,8.008659438,9.612229421,16.60064831,12.17846834,88.16816761,60.3822938,17.68784668,21.05980082,90.63929598,59.30522033,6.029752424,27.26707732
U,21,20.21584244,17.72589237,11.25248238,14.66371958,63.61721312,38.44939506,17.51747552,12.71753021,9.232854224,9.896129486,13.23490581,11.05965499,86.78673298,59.82068242,15.40412734,22.32359575,88.50351687,57.58038433,9.276423993,26.12844446
U,21,11.07093203,10.00578279,11.06429137,9.417226446,61.44920246,38.19703637,19.535374,16.69078869,9.20439637,9.386716131,14.25626861,10.51785168,84.61610352,58.24032734,17.09604205,21.93489794,69.02409933,43.56048607,6.789669186,20.25752662
U,21,20.20036696,19.28520033,24.79244722,19.70594337,51.86386501,29.98453946,23.40605557,10.7642173,15.10617052,16.1771774,24.64434058,18.70730259,64.68665162,40.72014607,24.18756505,9.902743413,67.52121602,40.7534091,21.64029582,21.27734317
U,21,21.7150152,18.44310797,7.423738674,13.83063858,53.74874033,37.05847098,12.28603327,18.9308638,19.2215746,15.99423421,8.748318611,11.28158079,73.88448196,55.91107049,10.43478798,29.35252937,77.7798992,49.18259516,6.053770618,22.51911651
U,21,18.57035013,15.34875653,5.594106186,10.80232237,65.56881328,47.03700878,5.375966146,27.42863773,21.21999117,17.43161936,5.454808109,11.78842619,82.5905444,61.71356998,5.382631254,32.75766828,90.03232741,61.96761788,5.974661846,31.7206568
U,21,10.21187554,9.732518589,11.17286673,9.683999098,62.84318396,39.70652292,17.03477212,17.32083791,7.854149196,8.477006799,13.2004649,9.901685334,85.38794636,59.62929926,15.21865646,25.27110804,66.90631026,41.08800944,10.83537735,21.26002033
U,21,25.87587047,22.68492949,13.4952108,18.69284263,51.48477953,29.36347245,16.6637282,9.890117254,10.64988015,10.97205266,13.92463035,11.77891591,73.27224797,50.12471982,15.0197577,18.06123046,92.80024388,62.6446515,13.02736176,32.62499136
U,21,12.16566488,9.744168216,15.36976375,8.881421013,68.72478398,46.63585985,17.13378364,24.80933666,19.66654817,16.2934469,15.83289907,12.90410084,89.57141415,64.59063053,16.57054075,29.62804678,66.03599445,39.02210374,14.30994139,15.79424
U,21,44.45997821,40.89299221,29.63517003,36.28576243,68.02499754,44.56774655,41.0733388,30.00914687,51.30710918,47.62629,34.8152357,42.4292619,83.69695647,55.55358482,38.53630306,23.92217651,65.22011637,39.92988341,16.33874104,16.05291633
U,21,35.22301674,31.05592297,17.26157318,25.52734568,45.30282111,26.44562663,19.59432119,8.365780418,20.55170674,19.93655334,17.82461356,19.0957473,68.5933296,47.44133054,18.52035101,19.22193929,88.11246381,56.69325331,13.44481123,28.53049765
U,21,13.39133082,10.8565148,11.8163353,8.832188379,71.22313322,46.23254286,20.05692157,18.94551291,7.40657145,4.885468098,14.69059989,5.916651936,96.2294899,69.08668752,17.48251253,29.54684556,74.43428939,49.51687976,11.58576327,25.53231037
U,21,42.40631193,38.32492949,22.87021393,32.60256375,51.49770761,29.52476211,17.37338655,13.96275553,26.64214661,25.49929717,21.36799412,23.832703,69.63446299,48.39773919,19.30547727,26.65407159,101.8224166,69.86269022,11.75411522,39.56604778
V,22,4.715871307,4.39772083,3.761626613,4.081057441,72.0099547,48.05131732,9.142376008,23.42401396,26.05328839,21.17230472,2.75472029,14.05206493,98.25866205,72.46843382,5.081910172,36.84468533,94.4756581,63.99772855,13.58369893,28.66286268
V,22,8.030351756,7.021943814,4.984225579,5.751175769,76.35792514,52.14585368,5.544969937,26.60739428,25.81190801,20.50776272,3.522228583,12.98095864,98.00037627,72.32760873,3.374027588,36.59339962,85.48608545,53.73619314,15.55785008,23.02766347
V,22,17.4536518,16.06335005,6.897954936,13.25597077,78.95720768,53.24498704,23.07856668,26.64073784,39.14406754,29.63219661,12.40548948,17.00801348,107.2554395,79.55739811,18.03502904,39.96359947,98.14084262,64.91398603,9.573913076,31.03846823
V,22,12.19602769,10.97761826,7.199910964,9.445558722,60.72852769,40.52264905,8.404381526,19.4524565,20.38574034,16.94636276,6.871327035,12.07239684,77.01369455,55.61607451,7.336506513,26.02789279,85.59175305,53.51625528,14.53269149,23.67551113
V,22,10.48705792,9.52463461,7.423415487,8.627688064,93.89214908,68.58991432,17.56615077,37.90135019,46.09623927,35.73532124,8.538381928,21.44947664,118.2425911,92.74313563,12.68636006,50.56820163,87.49832073,53.32268118,14.76417297,21.15515538
V,22,14.0956634,13.99883911,14.27286477,13.98604086,61.76468568,41.38733882,14.31305818,18.96291345,18.97123768,16.57770276,13.92876913,14.05565373,82.47077662,60.45302958,13.97198004,28.71940642,85.48066967,52.8426713,17.98226304,24.1591073
V,22,54.72291331,51.03056268,36.61576168,45.7673693,101.9018884,81.1589483,26.72994132,57.97667941,58.14729104,52.93169917,32.73854953,45.14411421,131.4056768,108.3888288,29.35198929,74.28666973,112.5354826,82.75063965,38.62266863,56.72345649
V,22,6.295319158,6.625228861,9.780596318,7.470610929,64.45035455,43.91568436,12.47912812,22.49223212,16.01772824,13.15812227,9.690862285,9.986993286,87.16388745,64.45336179,10.78549008,32.40887504,103.1990157,69.57883795,12.94893692,36.68122415
V,22,9.378676589,7.709897738,3.931147584,5.517120793,71.0419725,48.65536848,6.448490327,24.16757535,18.38399412,13.76421825,2.94657294,7.394476761,92.62786919,69.09338122,4.1291171,34.01848243,88.2914385,58.56411488,9.633806083,26.36351357
V,22,11.30939,10.29509855,7.744879802,9.132690465,63.94133979,42.36351748,4.523276309,21.00727836,19.77574014,15.68403339,6.009954762,9.878668062,77.99686381,54.25322309,4.877380421,23.40548659,84.35092519,54.00608891,13.8601543,24.37385521
V,22,14.16780002,12.24121551,5.375329577,9.2006115,79.98364607,56.69496416,6.596430808,31.90618809,27.16741807,20.34406006,5.271115865,10.69002375,101.3468022,76.05471542,5.82701672,40.59616695,92.42028897,61.2372168,9.004626039,29.23112392
V,22,7.532118938,6.959553386,4.179667875,6.038034873,75.44757397,51.68017229,4.773607153,25.15897018,23.24044345,18.99236778,2.734668708,12.78820272,97.42317305,73.08328742,2.13534511,36.56697311,92.17058651,61.87535625,10.44879152,27.42735632
V,22,14.90028479,14.15173078,10.39468851,12.87467999,86.31969722,62.26460637,9.616723451,35.95782421,29.48228096,23.24388336,9.490825367,14.81751214,111.1894774,85.25234593,9.193989721,47.43871445,94.9683617,65.27176914,12.65416803,30.58547891
V,22,4.431091552,4.448704999,5.333642247,4.590466858,65.85302125,42.11311441,16.1003401,17.54826706,25.02543179,20.03881063,8.146221299,13.19643119,87.317434,62.29432367,12.18285142,26.14514508,89.26478583,58.33322946,9.698400652,25.95910469
W,23,8.07395282,6.842729494,5.678597381,5.824296373,76.63006983,53.97648562,3.077044044,30.34091553,5.080598091,3.834557493,3.909718755,2.956396694,15.17597441,12.61181587,3.166840413,8.772256974,92.04988631,63.3424743,15.91906614,28.15984707
W,23,8.799625748,7.52683473,3.094129697,5.7747642,79.28242272,54.96314452,6.202550634,29.16453632,11.24371471,9.320315706,3.387110388,6.809549353,6.351073649,4.47018569,4.6551446,2.424369198,98.91558255,67.42528471,10.96454266,30.79971989
W,23,10.14472346,8.457084666,4.485016941,6.649306738,86.94194184,64.3760597,5.594052307,39.51369087,7.908516355,6.444131143,3.615335328,5.200510997,13.72353827,11.43931916,4.184497639,7.736564541,68.71726859,42.38449385,8.485930514,16.6226099
W,23,26.87609441,24.50176994,15.74978664,21.23025739,87.79337429,63.19900025,15.07276582,37.03234571,19.43844855,18.26121187,15.61062228,16.92874714,9.402471716,9.44721837,15.36393127,11.19400932,76.84959756,47.88803587,14.4865381,17.87806448
W,23,9.534011121,8.166737058,3.671553542,6.136444109,76.03626741,52.89625305,3.524931428,28.46256618,17.66034955,14.14326026,2.357982719,9.213794998,12.4345714,9.985229294,2.098431826,6.476076919,93.99579083,61.95348405,11.82418658,27.75337415
W,23,4.832704607,4.813343152,4.650542632,4.763682372,75.28516418,50.21285581,3.800868745,24.88746215,3.631398837,2.819573883,2.312473985,1.896461117,13.58831957,10.41294753,1.119074082,6.14655462,99.92385145,69.68844756,4.484643923,33.75421537
W,23,15.78374221,13.62453416,8.627394195,11.02117457,78.75406963,55.34011879,3.404367878,30.19992827,19.00477253,15.82627231,6.856829848,11.72001057,18.96186962,15.65116585,5.115029609,10.87407752,86.20871158,59.54133271,10.95495564,29.70635075
W,23,16.85054138,14.65862715,8.090859987,11.82130437,78.10242485,55.1675636,7.510374801,31.18412416,16.02369768,13.72601954,7.866971349,10.94649925,4.745098896,4.73709211,7.654208522,5.441938906,88.42910065,59.28395366,8.021073409,27.01382612
W,23,6.839836548,5.986150052,4.119295267,4.706908022,78.39934279,54.42948448,8.634620449,28.91153102,18.18651553,14.65090526,3.922967338,9.781384685,7.776921158,5.353985144,5.951818635,3.788216414,103.0835958,70.2159619,8.225792071,34.7000641
W,23,10.10438689,9.854558233,7.967513928,9.318124092,73.18226216,51.0615143,5.671555656,27.92354533,13.17323861,11.87348116,7.156069609,9.869212315,24.47825114,20.18407495,6.213777535,14.00714452,101.8551589,68.61142339,8.733191511,33.77424242
W,23,8.289257467,7.683795384,7.743437944,7.291718936,80.33118276,57.28225214,3.658932746,32.92038583,11.18375083,8.899862044,6.12411027,6.654867919,9.388001018,7.769609842,4.594078269,5.724925148,105.2732228,71.58083396,10.17977546,35.97077716
W,23,7.956697728,6.823153111,4.211984167,5.539329894,83.62415063,60.27082165,3.365586132,34.79141531,5.070177957,4.125103704,3.885586858,3.501599459,12.23278982,9.605507121,3.599611858,6.117887321,103.6259514,70.91306964,4.421763636,36.35016207
W,23,13.80517497,11.66226059,3.815027765,8.628415075,82.43094,59.08465722,3.031466071,34.19701972,15.55376802,12.32321318,3.090288043,7.910555102,12.17008414,9.081416914,2.856419777,4.523754583,97.78856552,66.20796426,8.286162864,31.00545374
W,23,5.95188961,5.687863009,8.262033077,6.118278412,77.28713259,54.89242768,2.462809122,31.36025155,11.2339716,8.161138472,6.01855906,4.989219669,15.51547019,12.79625498,3.74008871,8.919815853,105.7729106,72.30188262,10.01056147,35.18829407
X,24,47.58092009,26.75421215,24.77563191,28.0253664,77.77167328,54.86449312,23.77925673,32.70082455,91.62459458,67.08068557,23.68040265,36.02357313,94.85347677,70.41518707,23.38450149,38.39939845,62.6448356,40.34048712,31.35342565,23.96687987
X,24,57.1811417,32.13644847,23.12485587,12.227459,83.62048879,57.83951685,20.0471543,30.30788811,104.7879844,76.43489752,22.03380674,36.43083639,104.534156,76.88967331,20.98465078,37.54466995,69.31047766,43.84778372,22.08108771,23.54613276
X,24,56.22551033,30.04736583,26.5419701,18.81834793,80.80493095,57.49315747,23.62220443,33.61428641,99.6136441,74.60644464,25.81149108,40.61926357,99.91884484,74.84921545,24.74922477,40.729234,73.81705928,41.80227984,21.96105534,22.78489884
X,24,48.32632993,24.3886237,28.46061568,24.55283428,79.00272994,55.49123355,25.32871072,31.26273682,96.84707457,72.37475836,28.10172701,39.00014914,100.0780992,74.56642793,26.93463305,39.60520106,64.46061116,37.94699677,20.23217233,22.00877795
X,24,48.54845799,27.80748159,28.08208619,23.95314835,80.60330968,57.43689239,27.04814058,35.11336102,99.7525479,74.62274537,27.73334963,41.61838026,99.9181127,74.65067218,27.3698286,41.50922085,68.19079121,40.73596746,27.68999046,24.34619487
X,24,44.15346203,23.60929945,20.34675067,27.23985806,72.30677245,50.30710204,20.40239562,27.84286556,93.20484818,68.94904981,21.21977483,36.1641904,93.13945938,69.22990851,21.09292339,36.45337793,75.58456517,42.14317101,9.781639084,23.20270494
X,24,53.25576363,29.15853882,21.76920342,23.80361277,84.64197767,62.45001874,28.89722686,38.34297459,112.2600344,86.13468287,24.3581449,49.49977091,110.1342543,85.63236479,26.77429231,49.51416636,77.62728558,43.76655401,19.86999276,24.27954666
X,24,53.38925093,29.54961569,22.87298765,11.52336327,77.79597167,55.37153607,26.7198461,31.47530677,102.9102493,78.55236692,24.84157844,43.76800916,102.5202895,77.96084026,26.08704908,42.75934001,79.43127189,47.32498425,16.20005143,21.71512082
X,24,49.43349936,26.41523054,30.8630665,27.6142749,73.86526213,50.43385273,27.35279607,28.27039986,90.77222621,65.53290885,29.99515742,33.35887533,92.31717509,66.83482972,28.758945,34.04331854,61.14331068,38.59492717,26.59407567,23.12593957
X,24,46.51369584,27.42436698,30.27909084,31.80816592,76.49780729,54.9944666,27.24295186,34.61573689,88.99106684,66.29077981,29.17320242,37.38172331,90.62530172,67.60683793,28.09678219,38.54974233,66.71415384,43.11237216,28.50049763,24.66916799
X,24,42.4767763,24.33977838,27.60096318,29.83334294,86.38223093,60.49522252,23.78061021,33.84670112,103.8919078,76.02819266,26.48757978,38.28043526,105.1437875,77.30178231,25.11463297,39.3976634,64.42375326,38.11932755,23.76510886,20.19649207
X,24,52.20067709,25.59806462,20.84627333,14.62824106,71.39414354,49.64035007,22.45300663,26.15176228,90.39616651,67.39726712,21.99765714,35.07583478,93.44459141,70.02257729,22.39700202,36.19196561,75.141991,39.46254588,11.25086367,20.25383833
X,24,50.34529935,25.7327127,23.034447,21.28441745,84.36696942,59.12257709,25.29364069,33.49503548,104.4102893,77.56175502,24.37555077,40.9605061,108.7967645,81.13461932,25.06770792,43.13988368,79.13404357,50.62426479,15.87291931,28.12907008
X,24,42.49210258,27.38072661,31.89351238,31.60157823,75.5957583,51.46809002,30.81659959,29.65646785,93.00994751,66.59507587,31.87912993,34.04552094,95.55403616,69.06140091,31.43967503,35.50736922,66.40049327,44.13658469,25.88806462,28.54345482
Y,25,89.07096452,63.54732669,20.05853801,28.70679319,13.875052,14.42350746,21.53837994,17.09781862,101.7503315,74.03463318,21.73523515,33.90562507,95.52374958,68.23724674,21.79669452,29.64982038,14.52481569,5.27976083,2.537942523,3.734528283
Y,25,98.59726461,74.37253542,5.117684111,41.35488535,24.62733258,15.70272693,7.729834578,7.228328062,111.2673187,84.52787088,6.085491629,45.64646706,107.0024097,80.62035031,6.98411981,42.57402063,8.268278489,5.572000106,3.005074708,4.396505223
Y,25,87.33230268,64.37840377,17.99489241,32.91802811,16.08780052,12.37104363,19.94633974,12.94134428,101.5807994,75.83927242,19.38397983,38.06085417,94.4894159,69.20424695,19.78469567,32.75051751,28.51770527,16.68986188,7.165902577,14.04036592
Y,25,98.56433284,74.3159165,2.23891149,41.45552244,17.6462721,11.26848156,8.719080785,7.113037591,109.6350265,82.51471594,3.121198952,43.40277741,103.2357673,75.96036767,5.905450232,37.53037227,11.65776032,8.277509756,4.162999718,7.840875401
Y,25,68.79330542,47.28264024,26.77384322,19.89963047,20.04833642,19.18582415,23.14132503,20.27652823,81.06633805,57.635256,26.95247594,25.74296667,77.67419963,54.58502872,25.13224003,23.5744343,18.9312996,9.610092943,2.789150862,6.858308819
Y,25,93.3997886,69.25181312,14.62772953,36.49946433,23.13035115,17.6446781,17.22111887,15.1284288,107.1456498,80.52881628,16.25516865,42.0700286,101.9654878,75.48939897,16.86619906,38.14640826,21.7643122,9.262937748,6.151365782,7.693889657
Y,25,92.40870109,68.30747216,8.292015611,35.222111,10.60552794,7.857628356,12.98287432,8.859568236,105.9045124,79.06009546,9.974847824,39.3650881,86.94487512,61.04021224,11.52827706,25.86591196,18.7122154,10.66794789,7.41601759,8.897804726
Y,25,68.13317724,49.16879352,20.37910949,24.02425763,18.64833694,19.56793164,23.56031282,21.59784253,79.21411543,58.42455287,22.90482714,29.19325188,78.27678898,57.41316141,23.70110438,28.71920267,16.36548763,15.3526087,10.24132495,12.35063303
Y,25,91.68160924,65.71381159,23.97952219,29.78254756,17.96510209,15.91772388,23.50062177,17.36893881,101.5820224,73.90323429,24.89959838,33.85815776,97.61410529,70.13771852,24.26142046,31.1440273,9.576094063,4.533447639,4.319730382,4.80853083
Y,25,107.2714674,82.36701105,8.417249725,48.12482891,32.45748069,24.17887386,8.083356636,16.31871447,124.4347664,97.05112964,8.252659196,56.60516075,115.3446766,89.24249948,8.147841175,50.99729881,18.71762481,12.60881824,9.580353065,7.401666443
Y,25,93.8487781,72.44516843,6.722671398,42.79838668,17.49772197,11.01460521,7.654996102,4.768729731,108.6200597,84.79213585,7.072001915,49.5346317,103.3969157,80.0943913,7.389755723,45.98626294,13.13025544,4.888031396,6.236269079,3.58156672
Y,25,105.0389682,83.33602061,12.66121697,54.02310321,8.534588019,9.534787939,11.75089357,10.81977875,112.4025779,88.55339723,9.296252823,54.08407632,105.5487426,81.64238082,8.743581731,47.32383508,24.06666403,16.53890017,6.352919267,11.4823479
Y,25,80.26959991,56.66386198,22.8658926,23.83324848,19.58072552,16.64168537,20.57854693,16.48686119,93.54102112,67.85585104,23.44838063,29.92964578,90.39975181,65.00237253,22.2525587,28.14998099,18.88293371,11.01006183,6.462587025,8.484063522
Y,25,74.05046392,50.91540885,32.79566186,25.45300455,29.15270377,29.09087156,32.45433303,29.93970125,85.22177685,60.51147847,34.03203915,30.56076165,79.84673477,55.14236207,33.43209576,25.24671104,17.71513601,19.77811153,10.40914088,15.45285608
Z,26,81.76607329,77.53259025,61.13657478,71.58051899,115.7737134,103.3445777,71.35440558,87.45408883,139.4553022,119.8060738,65.24054232,89.00377458,137.0889622,121.6484157,68.90658787,95.6748334,141.6454303,111.6408624,50.91367042,79.20808256
Z,26,138.677767,133.4485962,111.8917287,125.8512316,151.1333836,139.4938286,121.6283946,129.7869162,176.334802,159.7167987,117.0452676,138.6929455,176.7042161,160.7273944,120.234973,140.7047634,194.7912954,162.7310498,87.57521313,122.9074482
Z,26,80.03165386,74.29787767,57.07140944,67.22350089,113.6458115,95.78646515,53.01735445,76.0322572,154.2266595,131.3313489,55.71881699,97.17979218,147.0770304,126.9107877,54.04529064,95.43365584,126.4682947,97.28625752,47.86461155,74.25590553
Z,26,89.7737941,82.8434799,62.17644774,74.25059423,117.6030818,98.25309251,58.24466588,78.12319715,157.5713139,133.6331856,60.4801208,99.24640791,152.1867904,129.6939081,59.00718723,96.70319865,134.3467973,104.0685235,60.37754535,82.74533863
Z,26,85.18192458,79.34327846,62.16733509,72.17735622,116.645518,97.37898823,60.98597467,77.05206778,155.7637269,131.9885951,61.43881642,97.20505101,148.9127986,127.8964405,60.86320366,95.57383151,125.4858259,97.16320396,57.57528605,76.82943659
Z,26,81.26911194,74.51842013,53.62470303,66.02363455,102.4449214,82.73698962,50.38110495,63.08558051,138.4815736,114.2786205,51.77754726,81.79506225,137.6770694,115.8610441,50.43298404,83.48938558,112.3884248,83.00473857,49.48887957,66.83093589
Z,26,116.6519117,110.499786,93.50965021,103.219759,125.2623469,111.3289917,79.62300177,95.69692875,179.4923536,161.3794797,86.9465344,131.3080205,165.6837313,149.0397391,81.5991661,120.8646102,168.7081054,137.1621349,86.11002757,109.4883835
Z,26,84.08105435,79.00662483,63.70627417,72.72875581,117.8197811,100.328063,61.55751962,80.65333707,155.545823,132.4597558,62.74266216,98.48575338,149.4812753,131.0605641,61.74805084,100.1092444,121.0541729,91.41664996,56.51177838,72.26406425
Z,26,128.6857477,122.6096988,103.6842375,114.941426,140.6735419,126.1667244,99.35802725,111.7104454,186.7575319,167.7268268,101.8624604,138.5230522,177.3011433,159.0858116,100.1027669,131.911162,181.5494772,147.5124337,96.49979605,114.7594206
Z,26,130.3270835,124.3433718,104.1350903,116.499017,142.7442466,130.6050263,104.0233652,117.223757,181.3459193,165.4703783,104.4888337,138.7242624,176.5413861,161.3641505,104.2555576,136.3218133,190.1426111,154.5526968,95.101459,120.2167411
Z,26,119.3262783,113.4508137,94.45377057,105.9212803,132.8895796,118.9093655,93.86708601,104.6064709,173.6248743,153.96165,94.43626628,125.0565866,165.4097796,149.5399926,93.95607808,124.1780163,155.494216,127.1100308,83.66013763,104.4325632
Z,26,98.10475359,90.64513378,68.39989691,81.3939758,123.9315254,105.8545,71.96775274,88.25233578,164.5658788,140.5155321,69.5007713,107.177366,162.1663516,139.4875902,70.50392315,107.0725474,147.761663,112.2973521,62.97447391,88.93528799
Z,26,81.23128746,75.65565699,58.35736848,68.62561394,115.2410563,96.54453422,57.54570265,76.37455273,153.7566204,130.1867585,58.01188038,95.08926944,148.437902,127.3308938,57.6739939,94.70378189,122.6550271,96.28584182,56.91407315,74.40506203
Z,26,104.5523276,99.02936204,81.15115289,91.96425335,117.8799166,104.8026752,79.08481378,91.10544538,157.2683518,140.3013688,80.76494333,113.3818229,151.1774987,135.8634864,79.76762932,111.1732421,167.0410028,134.8483336,69.53938364,99.89744339
